dataset,individual,subtype,age,chem,subsource,ncells,log10_total,score_sum,score_mean
Velmeshev,4341,L2-3,12.994520547945205,V2,U01,258,6.295020314488535,1105.4197428209206,890.650498036409
Velmeshev,4341,L4,12.994520547945205,V2,U01,339,6.50714585404675,1082.7841807877737,854.6275122600107
Velmeshev,4341,L5,12.994520547945205,V2,U01,29,5.210144553124945,819.1900520124814,571.6100307232995
Velmeshev,4341,L5-6-IT,12.994520547945205,V2,U01,49,5.684772674047379,941.0528147630374,786.8661467808604
Velmeshev,4341,L6,12.994520547945205,V2,U01,135,6.169698528212843,893.484331374787,722.0923393429987
Velmeshev,4369,L2-3,2.7205479452054795,V2,U01,99,6.048521429853932,1167.2809056719118,1012.088430967676
Velmeshev,4369,L4,2.7205479452054795,V2,U01,384,6.6805430003914195,1181.6937464793587,1027.5691754287484
Velmeshev,4369,L5,2.7205479452054795,V2,U01,28,5.559269671494984,955.9741565504177,804.0653289265597
Velmeshev,4369,L5-6-IT,2.7205479452054795,V2,U01,39,5.762854046246768,1081.8697735578007,967.9036643772785
Velmeshev,4369,L6,2.7205479452054795,V2,U01,53,5.771573518566875,982.3863788516044,767.66603330214
Velmeshev,4426,L2-3,2.2054794520547945,V2,U01,551,6.800475881675484,1058.424473422038,948.1044440730672
Velmeshev,4426,L4,2.2054794520547945,V2,U01,256,6.35915525058589,1074.3439051028781,918.5202575306837
Velmeshev,4426,L5,2.2054794520547945,V2,U01,25,5.374821638471995,880.9177939005926,738.6347022158789
Velmeshev,4426,L5-6-IT,2.2054794520547945,V2,U01,20,5.357128368101668,945.3598931437112,816.3893492071933
Velmeshev,4426,L6,2.2054794520547945,V2,U01,62,5.80514457698947,899.2964279709221,747.0762405633874
Velmeshev,5242,L2-3,14.994520547945205,V2,U01,132,6.309166246503636,999.581976600188,926.9736795860747
Velmeshev,5242,L4,14.994520547945205,V2,U01,210,6.4894503810358914,955.7225962250293,884.1671382164376
Velmeshev,5242,L5,14.994520547945205,V2,U01,113,6.072394393243973,795.5905438146029,677.7780157061842
Velmeshev,5242,L5-6-IT,14.994520547945205,V2,U01,109,6.182988956567112,906.7602863378602,810.7137953183591
Velmeshev,5242,L6,14.994520547945205,V2,U01,210,6.534490755678585,832.5685537654774,741.2082615940669
Velmeshev,5387,L2-3,11.994520547945205,V2,U01,388,6.511311720652911,1146.370339005695,937.9120066536228
Velmeshev,5387,L4,11.994520547945205,V2,U01,694,6.866805701305004,1187.1579928263288,1000.9810313916092
Velmeshev,5387,L5,11.994520547945205,V2,U01,57,5.703314597202932,930.9033920258573,767.1660793129552
Velmeshev,5387,L5-6-IT,11.994520547945205,V2,U01,49,5.762787311250769,1050.3194594495098,896.2974923242946
Velmeshev,5387,L6,11.994520547945205,V2,U01,160,6.257846981288777,994.6747773889579,818.5826224946569
Velmeshev,5408,L2-3,5.994520547945205,V2,U01,347,6.696147754940038,1054.4215408970706,939.0811303263164
Velmeshev,5408,L4,5.994520547945205,V2,U01,344,6.629813834908441,1050.2156954651675,935.702474657048
Velmeshev,5408,L5,5.994520547945205,V2,U01,37,5.711381158529043,792.7810603287727,734.4937056598545
Velmeshev,5408,L5-6-IT,5.994520547945205,V2,U01,280,6.666349471560198,922.7000282296942,816.1836499984371
Velmeshev,5408,L6,5.994520547945205,V2,U01,162,6.310625136562828,877.8864761775951,698.4665825734073
Velmeshev,5538,L2-3,18.994520547945207,V2,U01,85,5.972166722837365,998.7424416265216,901.9828856018605
Velmeshev,5538,L4,18.994520547945207,V2,U01,168,6.24225810036712,979.8240236980582,894.4025597588494
Velmeshev,5538,L6,18.994520547945207,V2,U01,39,5.616362067865839,795.1209348122748,691.6855687236198
Velmeshev,5577,L2-3,20.994520547945207,V2,U01,186,6.451049505022375,1091.5641820418602,1031.0688031637883
Velmeshev,5577,L4,20.994520547945207,V2,U01,351,6.674568788799924,1103.3863712380207,1009.0180914252736
Velmeshev,5577,L5,20.994520547945207,V2,U01,42,5.6854282170733255,858.2460867380506,744.3455261181894
Velmeshev,5577,L5-6-IT,20.994520547945207,V2,U01,56,5.941932603313064,944.9759933271182,859.7715671374673
Velmeshev,5577,L6,20.994520547945207,V2,U01,156,6.344117854381227,919.9462000627143,812.5651208937448
Velmeshev,5879,L2-3,14.994520547945205,V2,U01,289,6.609399626625249,957.2153560894847,901.6669757021813
Velmeshev,5879,L4,14.994520547945205,V2,U01,160,6.236401208265657,970.3849733024381,884.6804671211946
Velmeshev,5893,L2-3,18.994520547945207,V2,U01,260,6.440903102607275,1041.0770675322087,924.8079443917662
Velmeshev,5893,L4,18.994520547945207,V2,U01,235,6.316788649239519,992.4885445964753,859.3888683964904
Velmeshev,5893,L5,18.994520547945207,V2,U01,22,5.280981066857412,767.7952406036612,656.9900561511784
Velmeshev,5893,L6,18.994520547945207,V2,U01,105,6.001635076965589,791.7522152802884,668.6408237891304
Velmeshev,5936,L2-3,13.994520547945205,V2,U01,195,6.341504362221009,1026.494480661123,911.1762476418485
Velmeshev,5936,L4,13.994520547945205,V2,U01,107,5.880281827558124,1090.8875432293194,856.122763814434
Velmeshev,5936,L6,13.994520547945205,V2,U01,40,5.44258636978825,867.7363321817212,565.5780645068118
Velmeshev,5958,L2-3,21.994520547945207,V2,U01,133,5.850736882398386,1124.1345909172235,771.9116860922686
Velmeshev,5958,L4,21.994520547945207,V2,U01,168,6.228253772413462,1043.122295055751,892.8202137392935
Velmeshev,5976,L2-3,3.9945205479452053,V2,U01,149,5.846019627067046,1125.7203864483731,744.7584200626419
Velmeshev,5976,L4,3.9945205479452053,V2,U01,101,5.777369541042511,1166.280311497448,763.1680544163695
Velmeshev,5976,L6,3.9945205479452053,V2,U01,68,5.610115889631136,922.7218150993565,614.671730019015
Velmeshev,1798,L2-3,1.7835616438356163,V2,U01,167,5.49079534093479,1104.0744682551012,514.3041189747728
Velmeshev,1798,L4,1.7835616438356163,V2,U01,284,5.559638547924069,1114.1911252832188,435.8729276124242
Velmeshev,1798,L5,1.7835616438356163,V2,U01,68,4.721439617103788,868.8628724990583,263.09975314034864
Velmeshev,1798,L6,1.7835616438356163,V2,U01,153,5.159031513849653,902.8505059357325,276.44903293788104
Velmeshev,5608,L2-3,3.526027397260274,V2,U01,85,5.434287799002116,1104.2272298968776,679.4145758226201
Velmeshev,5608,L4,3.526027397260274,V2,U01,99,5.395586716955112,1048.8365173783845,588.4818113949302
Velmeshev,5608,L6,3.526027397260274,V2,U01,69,5.0813833174622856,916.0540029225232,382.6073010682668
Velmeshev,RL1613,L2-3,2.0712328767123287,V2,Herring,43,5.274815722689464,1222.3151577875944,802.0523606887467
Velmeshev,RL1613,L4,2.0712328767123287,V2,Herring,286,5.903614623433634,1180.0825737262035,688.6315104414149
Velmeshev,RL1613,L5,2.0712328767123287,V2,Herring,37,5.151103123192131,907.6871914235484,557.4375141424466
Velmeshev,RL1613,L5-6-IT,2.0712328767123287,V2,Herring,30,5.002848297036753,1049.7243145927162,619.414904939906
Velmeshev,RL1613,L6,2.0712328767123287,V2,Herring,179,5.725669927516347,948.9292221041185,527.7896271210768
Velmeshev,RL1614,L2-3,7.994520547945205,V2,Herring,91,5.696966768140209,1208.6387149540847,823.265064124691
Velmeshev,RL1614,L4,7.994520547945205,V2,Herring,54,5.437511159377366,1190.109930251418,778.6925498655716
Velmeshev,RL1614,L5,7.994520547945205,V2,Herring,66,5.441206377593687,858.0625810789815,536.4817968766755
Velmeshev,RL1614,L5-6-IT,7.994520547945205,V2,Herring,22,4.915595039159147,1056.2193228709184,611.7453662651424
Velmeshev,RL1614,L6,7.994520547945205,V2,Herring,214,5.847984550000223,951.9336147356375,519.2116853507297
Velmeshev,RL1786,L2-3,2.0712328767123287,V3,Herring,473,7.03638813050012,1135.3164462699385,1015.8437133478903
Velmeshev,RL1786,L4,2.0712328767123287,V3,Herring,121,6.411685013556108,1140.1685282269912,1036.6919754820021
Velmeshev,RL2102,L2-3,15.994520547945205,V3,Herring,1721,7.143742617502666,1135.7151830513499,906.5970115252323
Velmeshev,RL2102,L4,15.994520547945205,V3,Herring,186,6.1085741559974185,1130.6108094716542,867.3401039916033
Velmeshev,RL2105,L2-3,1.7123287671232876,V3,Herring,783,7.08327200987693,1102.7769677973724,976.4752155174176
Velmeshev,RL2105,L4,1.7123287671232876,V3,Herring,533,6.8989496735460225,1089.6811385102706,966.3040613422996
Velmeshev,RL2105,L5,1.7123287671232876,V3,Herring,42,5.695443148657882,795.5096167077373,598.3166917103607
Velmeshev,RL2105,L5-6-IT,1.7123287671232876,V3,Herring,22,5.597165154957647,962.3247226626047,877.2994255463751
Velmeshev,RL2105,L6,1.7123287671232876,V3,Herring,132,6.380168353013854,872.9185985132488,766.8994509876594
Velmeshev,RL2106,L2-3,6.494520547945205,V3,Herring,769,7.078905707383039,1133.3599488415157,1027.3630013277652
Velmeshev,RL2106,L4,6.494520547945205,V3,Herring,765,7.0143055643941725,1117.5356717264071,1004.1235429562461
Velmeshev,RL2106,L5,6.494520547945205,V3,Herring,77,6.01514255386335,815.8551650595028,696.2170299920407
Velmeshev,RL2106,L5-6-IT,6.494520547945205,V3,Herring,60,6.051187264616265,926.8819903288899,850.7832919104472
Velmeshev,RL2106,L6,6.494520547945205,V3,Herring,134,6.356253658551756,876.1890711811714,781.3942106048444
Velmeshev,RL2109,L2-3,3.9945205479452053,V3,Herring,291,6.832929655147029,1122.6063591622576,1048.2545406455956
Velmeshev,RL2109,L4,3.9945205479452053,V3,Herring,352,6.863347429784489,1102.9135382957593,1030.9201282322651
Velmeshev,RL2109,L5,3.9945205479452053,V3,Herring,49,6.002271921637859,801.7068516156005,727.835028862394
Velmeshev,RL2109,L5-6-IT,3.9945205479452053,V3,Herring,40,6.016419464692015,955.927951962267,890.3467020761531
Velmeshev,RL2109,L6,3.9945205479452053,V3,Herring,171,6.576392725240945,874.8194440915066,797.0619675811369
Velmeshev,RL2110,L2-3,9.994520547945205,V3,Herring,21,5.9770483240867796,1085.077453534823,1029.9292003196817
Velmeshev,RL2110,L4,9.994520547945205,V3,Herring,49,6.306421167138136,1019.0323518938931,997.017270816773
Velmeshev,RL2123,L2-3,19.994520547945207,V3,Herring,61,5.959665182783762,1087.3144872876248,922.5496514340076
Velmeshev,RL2123,L4,19.994520547945207,V3,Herring,65,6.002893597502058,1066.2218357471202,935.9127356637816
Velmeshev,RL2123,L5-6-IT,19.994520547945207,V3,Herring,30,5.653830701954438,937.6607325387429,785.4691289520115
Velmeshev,RL2123,L6,19.994520547945207,V3,Herring,189,6.39257016296348,826.4042586602551,662.1639762730282
Velmeshev,RL2125,L2-3,1.1506849315068493,V3,Herring,33,5.85744467468336,1088.022916603853,984.7249941230828
Velmeshev,RL2125,L4,1.1506849315068493,V3,Herring,30,5.374574226824472,1160.7257211402682,855.8738020018328
Velmeshev,RL2126,L2-3,9.994520547945205,V3,Herring,107,6.51650985751913,1118.7811114357407,1114.2554803598218
Velmeshev,RL2126,L4,9.994520547945205,V3,Herring,97,6.389992761013653,1150.7000100193713,1150.5182112338573
Velmeshev,RL2126,L6,9.994520547945205,V3,Herring,38,5.998054351895468,910.211770431801,876.7279022895772
Velmeshev,RL2127,L2-3,11.994520547945205,V3,Herring,88,6.588317095248569,1111.5203562277666,1135.1277660104158
Velmeshev,RL2127,L4,11.994520547945205,V3,Herring,65,6.345886150519735,1135.0210159322485,1145.3489023240118
Velmeshev,RL2127,L6,11.994520547945205,V3,Herring,93,6.347914211872047,838.8424803307896,770.7051820310232
Velmeshev,RL2128,L2-3,19.994520547945207,V3,Herring,183,6.763331165051375,1064.045123357831,1064.141758650885
Velmeshev,RL2128,L4,19.994520547945207,V3,Herring,145,6.552774526174261,1060.7341164960326,1052.412826838138
Velmeshev,RL2128,L5,19.994520547945207,V3,Herring,29,5.823127829243428,725.9978917946991,659.3273924065589
Velmeshev,RL2128,L5-6-IT,19.994520547945207,V3,Herring,23,5.938901816244221,887.3040205631837,893.9915387149565
Velmeshev,RL2128,L6,19.994520547945207,V3,Herring,46,6.073692695062007,814.6027560243629,789.0333397733173
Velmeshev,RL2129,L4,2.9945205479452053,V3,Herring,130,5.72743958443488,1064.3215421719574,672.6732391633465
Velmeshev,RL2129,L6,2.9945205479452053,V3,Herring,34,4.985610572325098,807.4561861797383,392.0765478617415
Velmeshev,RL2130,L6,13.994520547945205,V3,Herring,74,6.315337114876633,837.6427596376542,721.7308223308736
Velmeshev,RL2131,L2-3,16.994520547945207,V3,Herring,685,7.2480630848754295,1109.4010539771477,1072.7883497550192
Velmeshev,RL2131,L4,16.994520547945207,V3,Herring,273,6.799583410703199,1064.5810608884592,1020.365254599834
Velmeshev,RL2131,L5,16.994520547945207,V3,Herring,31,5.806482517545681,767.0528564365661,712.6677407173615
Velmeshev,RL2131,L5-6-IT,16.994520547945207,V3,Herring,31,5.7976227273957575,927.2821041271684,814.3473866237181
Velmeshev,RL2131,L6,16.994520547945207,V3,Herring,118,6.3782974019366145,833.3829094312479,734.0534988409518
Velmeshev,RL2132,L2-3,24.994520547945207,V3,Herring,1125,7.215387223485102,1169.7403804166354,1007.2372023727547
Velmeshev,RL2132,L4,24.994520547945207,V3,Herring,247,6.573917873112555,1125.5552149427976,1004.1706753322612
Velmeshev,RL2132,L5,24.994520547945207,V3,Herring,23,5.337003762082101,843.3666118515852,618.1979173706424
PsychAD,Donor_100,EN_L2_3_IT,21.0,V3,PSYCHAD,442,7.1729960990707955,1063.3540013813542,999.9966173492562
PsychAD,Donor_100,EN_L3_5_IT_2,21.0,V3,PSYCHAD,44,6.020220777260005,1111.4824486584332,1026.2005203325134
PsychAD,Donor_100,EN_L3_5_IT_3,21.0,V3,PSYCHAD,39,6.138471645335286,1021.230273028286,971.1017283586777
PsychAD,Donor_1152,EN_L2_3_IT,18.0,V3,PSYCHAD,283,6.991658116678408,1068.2867500568989,1018.1812625173195
PsychAD,Donor_1152,EN_L3_5_IT_1,18.0,V3,PSYCHAD,26,5.88007867026788,983.4276499730455,949.8302252560032
PsychAD,Donor_1152,EN_L3_5_IT_2,18.0,V3,PSYCHAD,63,6.208326048847411,1119.7626904008403,1052.4656286261518
PsychAD,Donor_1152,EN_L3_5_IT_3,18.0,V3,PSYCHAD,57,6.32568946951824,1028.7349653119265,1004.1690262675637
PsychAD,Donor_1159,EN_L2_3_IT,19.0,V3,PSYCHAD,25,6.054288552908092,1057.567856609733,1003.9898428808477
PsychAD,Donor_1185,EN_L2_3_IT,26.0,V3,PSYCHAD,182,6.686683717363661,974.9476383640902,922.799742231749
PsychAD,Donor_1185,EN_L3_5_IT_1,26.0,V3,PSYCHAD,25,5.639633885315905,882.5843682199528,796.902491453313
PsychAD,Donor_1185,EN_L3_5_IT_2,26.0,V3,PSYCHAD,28,5.643167330253651,1003.2180477837817,882.9601821460961
PsychAD,Donor_1185,EN_L3_5_IT_3,26.0,V3,PSYCHAD,43,5.960420828418221,946.1023184778093,858.3034383628266
PsychAD,Donor_1204,EN_L2_3_IT,18.0,V3,PSYCHAD,454,7.0212728410202985,1076.281018109514,969.9471303796897
PsychAD,Donor_1204,EN_L3_5_IT_2,18.0,V3,PSYCHAD,20,5.604692507015239,1156.1798443082625,1042.4144602287597
PsychAD,Donor_1204,EN_L3_5_IT_3,18.0,V3,PSYCHAD,32,5.885804901090275,1041.0287449644632,935.8955346292151
PsychAD,Donor_1242,EN_L2_3_IT,26.0,V3,PSYCHAD,59,6.46876266588881,1039.5694607018434,1015.9433555658821
PsychAD,Donor_1242,EN_L3_5_IT_1,26.0,V3,PSYCHAD,26,5.960250482520357,990.3548479054266,971.5221257651011
PsychAD,Donor_1242,EN_L3_5_IT_2,26.0,V3,PSYCHAD,54,6.267181822697984,1120.2167152989643,1110.9815172163
PsychAD,Donor_1242,EN_L3_5_IT_3,26.0,V3,PSYCHAD,63,6.4601980501167215,1011.0776932627467,1014.3948901846924
PsychAD,Donor_1330,EN_L2_3_IT,15.0,V3,PSYCHAD,32,5.610256550087056,969.9029700848598,706.9293233777826
PsychAD,Donor_1330,EN_L3_5_IT_1,15.0,V3,PSYCHAD,27,5.648418563593011,927.3699478869462,788.463885377156
PsychAD,Donor_1330,EN_L3_5_IT_2,15.0,V3,PSYCHAD,82,6.070832544830784,1015.8685024969429,881.5058148439684
PsychAD,Donor_1330,EN_L3_5_IT_3,15.0,V3,PSYCHAD,68,6.148711523227711,959.2725123827162,871.1684608358321
PsychAD,Donor_1355,EN_L2_3_IT,22.0,V3,PSYCHAD,286,7.076909564602596,1019.5563830659781,995.0373918481193
PsychAD,Donor_1406,EN_L2_3_IT,13.0,V3,PSYCHAD,327,7.086620542681461,1046.0708860198083,1002.58226924161
PsychAD,Donor_1406,EN_L3_5_IT_2,13.0,V3,PSYCHAD,24,5.739389570065316,1114.0483511199495,1029.9778415857045
PsychAD,Donor_1406,EN_L3_5_IT_3,13.0,V3,PSYCHAD,26,5.946207045403888,1022.022169415202,971.1368205065536
PsychAD,Donor_163,EN_L2_3_IT,13.0,V3,PSYCHAD,57,6.140977907835165,1052.6619619435323,891.8363965253361
PsychAD,Donor_163,EN_L3_5_IT_3,13.0,V3,PSYCHAD,24,5.570750697755022,1018.2515511849133,799.1586870783606
PsychAD,Donor_173,EN_L2_3_IT,24.0,V3,PSYCHAD,101,6.45412501114282,1013.0483902685271,889.4485302787291
PsychAD,Donor_180,EN_L2_3_IT,20.0,V3,PSYCHAD,197,6.836581640541207,988.4476629741868,946.5915536273901
PsychAD,Donor_180,EN_L3_5_IT_1,20.0,V3,PSYCHAD,56,6.246867475909535,923.8192724216956,867.9286200036124
PsychAD,Donor_180,EN_L3_5_IT_2,20.0,V3,PSYCHAD,91,6.389323642635551,1013.1821405298078,963.09146710117
PsychAD,Donor_180,EN_L3_5_IT_3,20.0,V3,PSYCHAD,100,6.532791820949622,944.1285557229279,890.8486541597645
PsychAD,Donor_240,EN_L6B,18.0,V3,PSYCHAD,24,5.988085165945853,770.7689752948195,710.8396264866834
PsychAD,Donor_267,EN_L2_3_IT,27.0,V3,PSYCHAD,47,6.2694258430960605,1011.5638429940909,993.4200130071983
PsychAD,Donor_314,EN_L2_3_IT,25.0,V3,PSYCHAD,94,6.722785899008147,1064.8753557932796,1043.2233427612307
PsychAD,Donor_314,EN_L3_5_IT_2,25.0,V3,PSYCHAD,20,5.999590701788309,1095.4104067723413,1102.7655865294091
PsychAD,Donor_314,EN_L3_5_IT_3,25.0,V3,PSYCHAD,21,6.065411266922108,999.7007015099175,958.8637030061836
PsychAD,Donor_364,EN_L2_3_IT,28.0,V3,PSYCHAD,156,6.504851705611526,1016.3074547608647,913.0115505093513
PsychAD,Donor_364,EN_L6_IT_1,28.0,V3,PSYCHAD,25,5.799923353676823,981.537106288552,909.7947642631624
PsychAD,Donor_412,EN_L2_3_IT,19.0,V3,PSYCHAD,98,6.5821974959887255,1030.676008729274,1008.1767951728333
PsychAD,Donor_412,EN_L3_5_IT_2,19.0,V3,PSYCHAD,32,6.083264265795258,1073.1496814290115,1067.1215785267011
PsychAD,Donor_412,EN_L3_5_IT_3,19.0,V3,PSYCHAD,28,6.031292098141618,1015.7219665252017,985.705475126739
PsychAD,Donor_412,EN_L6_CT,19.0,V3,PSYCHAD,22,5.902561998378356,815.7949462118006,744.4919361765158
PsychAD,Donor_472,EN_L2_3_IT,27.0,V3,PSYCHAD,172,6.588352282007906,1034.9846605645166,924.8696297517117
PsychAD,Donor_472,EN_L3_5_IT_1,27.0,V3,PSYCHAD,38,5.839230347189763,941.3191654146881,837.4488617239203
PsychAD,Donor_472,EN_L3_5_IT_2,27.0,V3,PSYCHAD,103,6.2845099148664945,1043.7278674507618,950.7266019582823
PsychAD,Donor_472,EN_L3_5_IT_3,27.0,V3,PSYCHAD,128,6.445873257963722,977.0513244785508,887.4118286486195
PsychAD,Donor_472,EN_L5_6_NP,27.0,V3,PSYCHAD,42,5.88114889815088,742.6931704916,627.0572540097398
PsychAD,Donor_472,EN_L6B,27.0,V3,PSYCHAD,20,5.57196607217932,868.0178664816677,701.9399487767123
PsychAD,Donor_472,EN_L6_CT,27.0,V3,PSYCHAD,47,5.989236177677845,794.1179493941827,692.7736775161457
PsychAD,Donor_472,EN_L6_IT_1,27.0,V3,PSYCHAD,48,6.131487458089059,1011.1658839818771,884.2998283400021
PsychAD,Donor_494,EN_L2_3_IT,26.0,V3,PSYCHAD,165,6.834369450093243,1012.4391362108852,962.9803058776952
PsychAD,Donor_494,EN_L3_5_IT_2,26.0,V3,PSYCHAD,50,6.219946113089054,1049.9838114858105,1029.7037586792794
PsychAD,Donor_494,EN_L3_5_IT_3,26.0,V3,PSYCHAD,83,6.516628304293641,971.3014184908054,946.1777076270009
PsychAD,Donor_494,EN_L6_IT_1,26.0,V3,PSYCHAD,36,6.313168202965515,1019.7839171521388,1012.1701222483993
PsychAD,Donor_577,EN_L6_CT,17.0,V3,PSYCHAD,20,5.570407493601808,766.3554102995184,671.8783198531312
PsychAD,Donor_666,EN_L2_3_IT,24.0,V3,PSYCHAD,40,6.260424168585515,939.5068714684181,929.3540778136162
PsychAD,Donor_752,EN_L2_3_IT,20.0,V3,PSYCHAD,248,6.852414783572698,1015.7572176738498,934.6821208103922
PsychAD,Donor_871,EN_L2_3_IT,28.0,V3,PSYCHAD,118,6.527631189577088,1046.7805396454182,1001.173447759789
PsychAD,Donor_871,EN_L3_5_IT_3,28.0,V3,PSYCHAD,23,5.717992360651178,995.6672060183018,915.3746717006367
PsychAD,Donor_959,EN_L2_3_IT,23.0,V3,PSYCHAD,60,5.935163523286051,1041.8711661659916,792.1712847086978
PsychAD,Donor_1092,EN_L2_3_IT,14.0,V3,PSYCHAD,89,6.2138329377381245,987.0512240830352,854.7722453312056
PsychAD,Donor_1092,EN_L3_5_IT_2,14.0,V3,PSYCHAD,21,5.589410026598102,1108.7747115354218,971.4790996646948
PsychAD,Donor_1092,EN_L3_5_IT_3,14.0,V3,PSYCHAD,25,5.712414816104081,1006.9739432386536,918.4841187334546
PsychAD,Donor_1113,EN_L2_3_IT,16.0,V3,PSYCHAD,148,6.7541283802087895,1040.0714606499703,1014.6532155642618
PsychAD,Donor_1113,EN_L3_5_IT_1,16.0,V3,PSYCHAD,29,5.9510610174165075,980.5199278540277,942.292428181216
PsychAD,Donor_1113,EN_L3_5_IT_2,16.0,V3,PSYCHAD,66,6.301055184013476,1086.3632281141668,1064.7173753521308
PsychAD,Donor_1113,EN_L3_5_IT_3,16.0,V3,PSYCHAD,49,6.323926228931994,995.221703347968,999.7259815458963
PsychAD,Donor_1125,EN_L2_3_IT,13.0,V3,PSYCHAD,148,6.648837569842406,1061.0989452926717,838.7630559070302
PsychAD,Donor_1125,EN_L3_5_IT_1,13.0,V3,PSYCHAD,27,5.8742393800925115,997.349040954797,899.4366622003628
PsychAD,Donor_1125,EN_L3_5_IT_2,13.0,V3,PSYCHAD,77,6.440971546742889,1103.0403210944332,1068.6289794912725
PsychAD,Donor_1125,EN_L3_5_IT_3,13.0,V3,PSYCHAD,37,6.132752315050202,1016.63114023568,968.5490056385432
PsychAD,Donor_1132,EN_L2_3_IT,12.0,V3,PSYCHAD,358,7.260051080663925,1014.1316728476858,952.4314613526795
PsychAD,Donor_1139,EN_L2_3_IT,10.0,V3,PSYCHAD,101,6.605920058556169,1035.4281329230662,1010.6439179716084
PsychAD,Donor_1139,EN_L3_5_IT_2,10.0,V3,PSYCHAD,21,5.832706854780794,1116.519813186325,1062.2479462783544
PsychAD,Donor_1139,EN_L3_5_IT_3,10.0,V3,PSYCHAD,31,6.0592854107615794,1030.3557548470324,989.8761643903172
PsychAD,Donor_1139,EN_L6_IT_1,10.0,V3,PSYCHAD,21,6.024143597950416,1036.1772316509694,987.7259224949086
PsychAD,Donor_1144,EN_L2_3_IT,16.0,V3,PSYCHAD,236,6.8477067515359655,1033.5769694114374,977.7615226063793
PsychAD,Donor_1194,EN_L2_3_IT,13.0,V3,PSYCHAD,412,7.143833968940837,1040.7691276571793,1000.4520517584267
PsychAD,Donor_1194,EN_L3_5_IT_1,13.0,V3,PSYCHAD,25,5.824920769897321,1010.5946976931964,945.681308057157
PsychAD,Donor_1194,EN_L3_5_IT_2,13.0,V3,PSYCHAD,72,6.304612440559724,1098.6295317849217,1048.1805076920973
PsychAD,Donor_1194,EN_L3_5_IT_3,13.0,V3,PSYCHAD,46,6.157783650394699,1006.8353436527788,981.2431758772204
PsychAD,Donor_1211,EN_L2_3_IT,18.0,V3,PSYCHAD,36,6.237856779764952,1023.8143109666972,975.3277879741763
PsychAD,Donor_1211,EN_L3_5_IT_1,18.0,V3,PSYCHAD,20,5.804137386987605,944.0328908476519,911.7766008469131
PsychAD,Donor_1211,EN_L3_5_IT_2,18.0,V3,PSYCHAD,35,6.069477542627527,1053.3006892008675,999.4466779934229
PsychAD,Donor_1211,EN_L3_5_IT_3,18.0,V3,PSYCHAD,63,6.38678477458707,986.2844787459987,954.3752394054002
PsychAD,Donor_1211,EN_L6_CT,18.0,V3,PSYCHAD,22,5.882206242293166,781.0037282255637,718.8967835133498
PsychAD,Donor_1211,EN_L6_IT_1,18.0,V3,PSYCHAD,31,6.176224711720277,984.0327304134514,951.2068386120442
PsychAD,Donor_1235,EN_L2_3_IT,15.0,V3,PSYCHAD,88,6.418791502098961,996.9886553501367,962.3142475767335
PsychAD,Donor_1235,EN_L3_5_IT_2,15.0,V3,PSYCHAD,20,5.624008641502638,1091.8188559368052,1028.455952640647
PsychAD,Donor_1235,EN_L3_5_IT_3,15.0,V3,PSYCHAD,32,5.876662302908478,986.125731446784,926.1990010131416
PsychAD,Donor_1308,EN_L2_3_IT,14.0,V3,PSYCHAD,283,6.887376346332921,1027.2992061099912,974.3007148522362
PsychAD,Donor_1308,EN_L3_5_IT_1,14.0,V3,PSYCHAD,29,5.85235432283912,999.3476784173489,943.1435200800794
PsychAD,Donor_1308,EN_L3_5_IT_2,14.0,V3,PSYCHAD,77,6.238801319334886,1096.9259217571978,1043.0440171479381
PsychAD,Donor_1308,EN_L3_5_IT_3,14.0,V3,PSYCHAD,62,6.2051659147297125,1010.823211403715,962.1028488181549
PsychAD,Donor_1310,EN_L2_3_IT,22.0,V3,PSYCHAD,175,6.855956863764757,1072.4221176319954,1035.1782446204595
PsychAD,Donor_1310,EN_L3_5_IT_1,22.0,V3,PSYCHAD,30,5.977052444838383,992.3704715089533,910.9812025344108
PsychAD,Donor_1310,EN_L3_5_IT_2,22.0,V3,PSYCHAD,79,6.356459934672442,1124.9467270632917,1044.2079065210755
PsychAD,Donor_1310,EN_L3_5_IT_3,22.0,V3,PSYCHAD,81,6.407069356554352,1026.8198054092163,964.7541268547169
PsychAD,Donor_1334,EN_L2_3_IT,13.0,V3,PSYCHAD,110,6.531036989236024,1071.7573893591373,992.2485775320413
PsychAD,Donor_1334,EN_L3_5_IT_1,13.0,V3,PSYCHAD,22,5.64574934086923,1000.4294575948846,872.8820332654686
PsychAD,Donor_1334,EN_L3_5_IT_2,13.0,V3,PSYCHAD,48,6.031430279426525,1131.9290705722476,1039.2599791196615
PsychAD,Donor_1334,EN_L3_5_IT_3,13.0,V3,PSYCHAD,42,6.02216474496418,1018.7549082516524,937.9090429211058
PsychAD,Donor_1341,EN_L2_3_IT,5.0,V3,PSYCHAD,23,6.025955591598247,1025.8578681788947,1014.8845077906992
PsychAD,Donor_1387,EN_L2_3_IT,13.0,V3,PSYCHAD,338,6.915164735426504,1002.1861850321627,933.2196155867651
PsychAD,Donor_1387,EN_L3_5_IT_1,13.0,V3,PSYCHAD,53,6.048240925036771,956.2508936667324,869.7087517704716
PsychAD,Donor_1387,EN_L3_5_IT_2,13.0,V3,PSYCHAD,87,6.220050527125682,1073.0858648669325,996.3534206995107
PsychAD,Donor_1387,EN_L3_5_IT_3,13.0,V3,PSYCHAD,100,6.402951405223373,989.4480358376594,936.2453830729822
PsychAD,Donor_1447,EN_L2_3_IT,16.0,V3,PSYCHAD,214,6.645265718260833,933.8899136359013,766.2229706846978
PsychAD,Donor_1447,EN_L3_5_IT_2,16.0,V3,PSYCHAD,25,5.846645092149786,1039.6326037813833,916.7235047176073
PsychAD,Donor_1447,EN_L3_5_IT_3,16.0,V3,PSYCHAD,22,5.787780586703332,976.773251244438,880.0178963482488
PsychAD,Donor_1484,EN_L2_3_IT,16.0,V3,PSYCHAD,352,6.864519268500136,1040.5581923665065,932.3411772594119
PsychAD,Donor_1484,EN_L3_5_IT_2,16.0,V3,PSYCHAD,41,5.925569909543376,1127.9096055565549,1033.8768823546504
PsychAD,Donor_1484,EN_L3_5_IT_3,16.0,V3,PSYCHAD,43,6.0013970473840095,1043.3711296873976,975.6107529599742
PsychAD,Donor_1484,EN_L6_CT,16.0,V3,PSYCHAD,21,5.717003573780957,796.0000486633193,715.9102643501864
PsychAD,Donor_286,EN_L2_3_IT,8.0,V3,PSYCHAD,114,6.135839038011197,980.1794773330687,735.0430588017779
PsychAD,Donor_286,EN_L3_5_IT_2,8.0,V3,PSYCHAD,25,5.542970996985002,1098.7400823418507,898.0115884279281
PsychAD,Donor_286,EN_L3_5_IT_3,8.0,V3,PSYCHAD,21,5.559263680656105,999.9357720210814,861.5418694995102
PsychAD,Donor_514,EN_L2_3_IT,23.0,V3,PSYCHAD,239,6.955654563752928,1077.3157369412595,1044.8203876626258
PsychAD,Donor_514,EN_L3_5_IT_2,23.0,V3,PSYCHAD,36,6.073538364877685,1169.0307041955518,1135.0413350538636
PsychAD,Donor_567,EN_L2_3_IT,17.0,V3,PSYCHAD,130,6.643114979971645,1030.8838854864293,968.0118751834864
PsychAD,Donor_567,EN_L3_5_IT_2,17.0,V3,PSYCHAD,39,6.141907344501789,1100.8779773161252,1084.155115903473
PsychAD,Donor_567,EN_L3_5_IT_3,17.0,V3,PSYCHAD,37,6.072610495444156,1023.3727231424541,963.144346380715
PsychAD,Donor_631,EN_L2_3_IT,16.0,V3,PSYCHAD,155,6.6976953052105905,1041.0409867061448,950.6094199202321
PsychAD,Donor_631,EN_L3_5_IT_1,16.0,V3,PSYCHAD,29,5.99000034621528,1008.5720544575136,969.5961028181845
PsychAD,Donor_631,EN_L3_5_IT_2,16.0,V3,PSYCHAD,75,6.350545911956309,1109.469061297263,1063.0929088997302
PsychAD,Donor_631,EN_L3_5_IT_3,16.0,V3,PSYCHAD,58,6.295566880066483,1017.9434134809761,979.8716335672477
PsychAD,Donor_631,EN_L6_CT,16.0,V3,PSYCHAD,24,5.9431733754258245,792.0940245996964,726.2595475770071
PsychAD,Donor_781,EN_L2_3_IT,15.0,V3,PSYCHAD,167,6.5713444770982745,936.9561939661348,771.449920849949
PsychAD,Donor_804,EN_L6_CT,15.0,V3,PSYCHAD,20,5.891672352336507,771.0872083865673,705.1387844545006
PsychAD,Donor_804,EN_L6_IT_1,15.0,V3,PSYCHAD,29,6.066029087110813,997.9661913051657,929.8646732023253
PsychAD,Donor_83,EN_L2_3_IT,6.0,V3,PSYCHAD,73,6.263564587537716,1026.7913353302777,895.2314008682849
PsychAD,Donor_915,EN_L2_3_IT,29.0,V3,PSYCHAD,227,6.792482111403225,1004.3495688748876,935.6807737084873
PsychAD,Donor_915,EN_L3_5_IT_1,29.0,V3,PSYCHAD,24,5.602888702620808,945.4188253358676,790.1910802827316
PsychAD,Donor_915,EN_L3_5_IT_2,29.0,V3,PSYCHAD,84,6.166974490887897,1030.2692715168012,924.8459632203865
PsychAD,Donor_915,EN_L3_5_IT_3,29.0,V3,PSYCHAD,102,6.432958072790875,959.7889197153811,892.9611265349091
PsychAD,Donor_915,EN_L6B,29.0,V3,PSYCHAD,38,6.06653761562004,809.6263546173557,742.7119672708463
PsychAD,Donor_915,EN_L6_IT_1,29.0,V3,PSYCHAD,71,6.249363969395703,1016.7713327673591,916.7438073424107
PsychAD,Donor_950,EN_L2_3_IT,16.0,V3,PSYCHAD,194,6.905610901664767,1036.136253195011,995.4293606509002
PsychAD,Donor_950,EN_L3_5_IT_1,16.0,V3,PSYCHAD,30,6.090660409141777,960.9085869761104,947.5750081393194
PsychAD,Donor_950,EN_L3_5_IT_2,16.0,V3,PSYCHAD,30,6.057810211004275,1113.9526731757733,1070.0150227204163
PsychAD,Donor_950,EN_L3_5_IT_3,16.0,V3,PSYCHAD,67,6.478827570930301,1014.3076200363508,1003.2102149756939
PsychAD,Donor_1336,EN_L2_3_IT,20.0,V3,PSYCHAD,109,6.166046865678583,1102.6341871385098,903.8236761163928
PsychAD,Donor_1336,EN_L3_5_IT_2,20.0,V3,PSYCHAD,42,5.541858699889792,1124.9307864751042,850.537384665828
PsychAD,Donor_1336,EN_L3_5_IT_3,20.0,V3,PSYCHAD,32,5.668312285418352,1046.423786427206,860.6161448142683
PsychAD,Donor_1364,EN_L2_3_IT,24.0,V3,PSYCHAD,176,6.70876386581736,1028.4670958944205,973.9790833704725
PsychAD,Donor_1364,EN_L3_5_IT_2,24.0,V3,PSYCHAD,20,5.596319938322728,1056.0754975104994,978.538093448413
PsychAD,Donor_1364,EN_L3_5_IT_3,24.0,V3,PSYCHAD,37,5.948821636262159,1003.1515727920458,936.7434317810878
PsychAD,Donor_1364,EN_L6_CT,24.0,V3,PSYCHAD,23,5.7558100876309615,831.8561425425146,736.6757528700222
PsychAD,Donor_138,EN_L2_3_IT,24.0,V3,PSYCHAD,363,7.124098563500063,1040.1486228059534,1004.3649317491546
PsychAD,Donor_138,EN_L3_5_IT_1,24.0,V3,PSYCHAD,27,5.818669202072219,980.9013813751858,867.7609554870189
PsychAD,Donor_138,EN_L3_5_IT_2,24.0,V3,PSYCHAD,50,6.188734483678314,1126.0992060068725,1067.0153759249258
PsychAD,Donor_138,EN_L3_5_IT_3,24.0,V3,PSYCHAD,39,6.146722921712476,1030.8210331032305,968.2640271008313
PsychAD,Donor_177,EN_L2_3_IT,28.0,V3,PSYCHAD,48,6.014795980580709,1061.1799281714616,979.3695704038688
PsychAD,Donor_346,EN_L2_3_IT,22.0,V3,PSYCHAD,50,6.198741738640809,981.8218462878533,888.6738182098356
PsychAD,Donor_346,EN_L3_5_IT_2,22.0,V3,PSYCHAD,29,5.829018653399399,1042.2788892684748,936.9119287605758
PsychAD,Donor_346,EN_L3_5_IT_3,22.0,V3,PSYCHAD,64,6.280012827667755,946.2965966303369,867.7785500689741
PsychAD,Donor_498,EN_L2_3_IT,24.0,V3,PSYCHAD,30,5.939993223495161,1077.4459854053355,957.0779125267743
PsychAD,Donor_537,EN_L2_3_IT,20.0,V3,PSYCHAD,39,6.1723465984838874,1037.1395668689856,1018.9514239670186
PsychAD,Donor_6,EN_L2_3_IT,18.0,V3,PSYCHAD,163,6.926094920867872,1026.5661274774461,1014.6668304588935
PsychAD,Donor_6,EN_L3_5_IT_2,18.0,V3,PSYCHAD,44,6.259131149447773,1063.1902847963722,1047.9310062094348
PsychAD,Donor_6,EN_L3_5_IT_3,18.0,V3,PSYCHAD,53,6.387122403729381,983.6129767938107,960.8837253353314
PsychAD,Donor_84,EN_L2_3_IT,27.0,V3,PSYCHAD,469,7.106068481747562,1030.48203106836,979.6325255216469
PsychAD,Donor_84,EN_L3_5_IT_1,27.0,V3,PSYCHAD,49,5.892773353123822,969.1009203205366,836.8072776244443
PsychAD,Donor_84,EN_L3_5_IT_2,27.0,V3,PSYCHAD,76,6.118000364387838,1027.3097573497478,935.3583223638823
PsychAD,Donor_84,EN_L3_5_IT_3,27.0,V3,PSYCHAD,130,6.515356089221261,949.2869159332737,901.3815598951169
PsychAD,Donor_84,EN_L6B,27.0,V3,PSYCHAD,27,5.832486558738495,807.9369662236406,744.0595602972596
PsychAD,Donor_84,EN_L6_IT_1,27.0,V3,PSYCHAD,46,6.147576471398033,1014.2379444065813,990.6097067206362
PsychAD,Donor_1196,EN_L2_3_IT,18.0,V3,PSYCHAD,144,6.589773391626145,1036.9776871684635,965.1979328939875
PsychAD,Donor_1196,EN_L3_5_IT_2,18.0,V3,PSYCHAD,39,5.891842861658699,1077.1401908055861,967.8873786860341
PsychAD,Donor_1196,EN_L3_5_IT_3,18.0,V3,PSYCHAD,22,5.753094873529342,984.9688071767023,897.6797147201851
PsychAD,Donor_1286,EN_L2_3_IT,27.0,V3,PSYCHAD,43,6.1935183471728585,1110.6167595684726,1003.5766962744214
PsychAD,Donor_141,EN_L2_3_IT,25.0,V3,PSYCHAD,242,6.844291675615906,1016.7616537379232,956.4146331365041
PsychAD,Donor_141,EN_L3_5_IT_2,25.0,V3,PSYCHAD,27,5.816622383627771,1070.8191276706514,1006.4182929228155
PsychAD,Donor_141,EN_L3_5_IT_3,25.0,V3,PSYCHAD,69,6.323088667414871,972.4886327444225,943.3523945954405
PsychAD,Donor_1470,EN_L2_3_IT,22.0,V3,PSYCHAD,35,6.170319813067846,1024.6113335865557,961.8590143466915
PsychAD,Donor_1470,EN_L3_5_IT_2,22.0,V3,PSYCHAD,25,5.955939212398828,1096.7686665024971,1034.0747065194325
PsychAD,Donor_1470,EN_L3_5_IT_3,22.0,V3,PSYCHAD,21,6.070646560956008,966.4912151130238,951.0664672086226
PsychAD,Donor_160,EN_L2_3_IT,29.0,V3,PSYCHAD,67,6.3636106638462655,1017.0837246296991,941.3859378146161
PsychAD,Donor_160,EN_L3_5_IT_2,29.0,V3,PSYCHAD,93,6.4008248915945085,1033.7096694196646,962.0073792557404
PsychAD,Donor_160,EN_L3_5_IT_3,29.0,V3,PSYCHAD,99,6.530665898097934,948.8234648560378,922.4577969788837
PsychAD,Donor_160,EN_L5_6_NP,29.0,V3,PSYCHAD,25,5.909527146628045,695.459210444564,646.0589068291533
PsychAD,Donor_160,EN_L6_CT,29.0,V3,PSYCHAD,26,5.9082388489174935,817.694508565221,743.1858447600798
PsychAD,Donor_160,EN_L6_IT_1,29.0,V3,PSYCHAD,35,6.204320254801489,1012.2491838651434,993.7102765241395
PsychAD,Donor_208,EN_L2_3_IT,29.0,V3,PSYCHAD,76,6.337137664493766,1009.3600220706221,964.3687504764847
PsychAD,Donor_208,EN_L3_5_IT_2,29.0,V3,PSYCHAD,39,6.0772475945010065,1057.4203119953042,1030.4461455316332
PsychAD,Donor_208,EN_L3_5_IT_3,29.0,V3,PSYCHAD,24,5.930652611875267,965.5012537281409,935.1117234701902
PsychAD,Donor_217,EN_L2_3_IT,29.0,V3,PSYCHAD,153,6.925417660710902,1111.407731146358,1078.9775390691968
PsychAD,Donor_217,EN_L3_5_IT_1,29.0,V3,PSYCHAD,29,6.18499958539224,986.7979048421331,993.7746046927653
PsychAD,Donor_217,EN_L3_5_IT_2,29.0,V3,PSYCHAD,95,6.566215868865457,1131.519437791341,1099.2014234319624
PsychAD,Donor_217,EN_L3_5_IT_3,29.0,V3,PSYCHAD,60,6.462589644206618,1018.4927285856305,1000.3680405551322
PsychAD,Donor_513,EN_L3_5_IT_1,21.0,V3,PSYCHAD,24,5.627504112308042,1014.217098603545,997.3706891359811
PsychAD,Donor_513,EN_L3_5_IT_2,21.0,V3,PSYCHAD,23,5.6307349255504775,1201.1296948092158,1158.3392680339107
PsychAD,Donor_531,EN_L2_3_IT,25.0,V3,PSYCHAD,74,6.279201835758507,1044.7614282423021,925.4010511931751
PsychAD,Donor_531,EN_L3_5_IT_2,25.0,V3,PSYCHAD,24,5.704926575030267,1066.5296220143277,934.5825482068357
PsychAD,Donor_531,EN_L3_5_IT_3,25.0,V3,PSYCHAD,27,5.862562476970174,1004.7069630122908,842.5583796197768
PsychAD,Donor_531,EN_L6_IT_1,25.0,V3,PSYCHAD,24,5.7695811307600815,1024.0341512505988,882.0823804251108
PsychAD,Donor_717,EN_L2_3_IT,27.0,V3,PSYCHAD,247,7.0379693453831065,1080.609414281588,1010.5367745716837
PsychAD,Donor_717,EN_L3_5_IT_1,27.0,V3,PSYCHAD,37,6.100274369262421,1003.9042715969059,905.7267812600304
PsychAD,Donor_717,EN_L3_5_IT_2,27.0,V3,PSYCHAD,114,6.569726586746031,1108.415725753475,1051.1877609858418
PsychAD,Donor_717,EN_L3_5_IT_3,27.0,V3,PSYCHAD,90,6.547014085876832,1025.0556043708295,983.0393174446076
PsychAD,Donor_717,EN_L5_6_NP,27.0,V3,PSYCHAD,29,6.027735204225225,734.977828956094,643.0638980999249
PsychAD,Donor_717,EN_L6_CT,27.0,V3,PSYCHAD,22,5.973793108019893,836.6132113076011,768.1718188474508
PsychAD,Donor_717,EN_L6_IT_1,27.0,V3,PSYCHAD,27,6.145591350521747,1023.1532099194724,960.214161900889
PsychAD,Donor_811,EN_L2_3_IT,21.0,V3,PSYCHAD,263,6.8106637075380645,1034.1509164268653,959.2411282860118
PsychAD,Donor_833,EN_L3_5_IT_3,20.0,V3,PSYCHAD,32,6.225605431607806,988.7569472221273,988.0693431044747
PsychAD,Donor_833,EN_L6_IT_1,20.0,V3,PSYCHAD,20,6.12137105083216,960.3808964614587,923.6281257608664
PsychAD,Donor_856,EN_L2_3_IT,24.0,V3,PSYCHAD,320,6.963026626036171,1016.3343739104324,946.9405385636691
PsychAD,Donor_856,EN_L3_5_IT_1,24.0,V3,PSYCHAD,20,5.5940111320534225,986.2697493800617,819.8028323021376
PsychAD,Donor_856,EN_L3_5_IT_2,24.0,V3,PSYCHAD,66,6.103881681786355,1035.5827482527782,935.2347600458996
PsychAD,Donor_856,EN_L3_5_IT_3,24.0,V3,PSYCHAD,67,6.244224903340456,972.0107640937456,922.4165776915243
