dataset,individual,subtype,age,subsource,ncells,log10_total,AGG_pos_lin,AGG_pos_log,AGG_sign_lin,AGG_sign_log,CELL_pos_lin,CELL_pos_log,CELL_sign_lin,CELL_sign_log
Velmeshev,4341,L2-3,12.994520547945205,U01,258,6.295020314488535,106643.83894980882,2693.564171207332,79765.88865412593,1105.4197428209206,106047.8453970484,1382.450483081085,79221.41746244764,890.650498036409
Velmeshev,4341,L4,12.994520547945205,U01,339,6.50714585404675,104216.41884824795,2713.035542037919,76813.11681346761,1082.7841807877737,103953.0562866918,1365.571144061716,76819.58727657194,854.6275122600107
Velmeshev,4341,L5,12.994520547945205,U01,29,5.210144553124945,90579.62937538727,2363.7187140508113,54069.84516112523,819.1900520124814,90596.88757434231,1081.478978758019,54559.24402269187,571.6100307232995
Velmeshev,4341,L5-6-IT,12.994520547945205,U01,49,5.684772674047379,91941.73109663467,2513.499516548914,60504.750635932,941.0528147630374,91817.53197405202,1422.3084020362116,60421.29953290629,786.8661467808604
Velmeshev,4341,L6,12.994520547945205,U01,135,6.169698528212843,97186.3283606385,2562.2673700142545,62460.31122794646,893.484331374787,97104.97422772154,1365.8877737176654,62434.887370357035,722.0923393429987
Velmeshev,4369,L2-3,2.7205479452054795,U01,99,6.048521429853932,123836.66582910268,2674.9416863794368,98911.31852600968,1167.2809056719118,124736.35072531685,1582.1669919920882,99777.86449364501,1012.088430967676
Velmeshev,4369,L4,2.7205479452054795,U01,384,6.6805430003914195,117454.72756229174,2742.1242003308926,93087.72653883196,1181.6937464793587,119915.94333168786,1593.3719389420703,95767.15488389703,1027.5691754287484
Velmeshev,4369,L5,2.7205479452054795,U01,28,5.559269671494984,107602.71634977077,2530.393342508974,74761.18360723602,955.9741565504177,108030.35733766817,1527.680188295,74572.5045378554,804.0653289265597
Velmeshev,4369,L5-6-IT,2.7205479452054795,U01,39,5.762854046246768,107222.23394636068,2595.8135522601783,80400.61254119301,1081.8697735578007,107700.99980612996,1647.0363266264094,80809.39374351941,967.9036643772785
Velmeshev,4369,L6,2.7205479452054795,U01,53,5.771573518566875,106277.33208147928,2576.5115866756328,73918.57327294938,982.3863788516044,106727.09907950839,1358.020830349033,73912.24658009692,767.66603330214
Velmeshev,4426,L2-3,2.2054794520547945,U01,551,6.800475881675484,117274.00895758628,2630.1142193631376,90519.98741382231,1058.424473422038,117551.88170608411,1554.2213283502729,90673.14115637414,948.1044440730672
Velmeshev,4426,L4,2.2054794520547945,U01,256,6.35915525058589,114921.5715422951,2657.2088391754796,87757.47440271091,1074.3439051028781,115894.6446896856,1452.2306242785457,88934.33885590425,918.5202575306837
Velmeshev,4426,L5,2.2054794520547945,U01,25,5.374821638471995,104929.40840834542,2451.665513797668,69689.81699796066,880.9177939005926,105413.22291444494,1400.9010337450723,70335.81921562694,738.6347022158789
Velmeshev,4426,L5-6-IT,2.2054794520547945,U01,20,5.357128368101668,99343.46531410223,2431.5803122798466,68406.81479806936,945.3598931437112,99336.6411918817,1481.0084799713247,68190.00328524748,816.3893492071933
Velmeshev,4426,L6,2.2054794520547945,U01,62,5.80514457698947,101729.81704428299,2538.1236903628587,66589.14342588812,899.2964279709221,102031.5740480556,1380.4140386822405,66632.63579672154,747.0762405633874
Velmeshev,5242,L2-3,14.994520547945205,U01,132,6.309166246503636,106615.55348003651,2590.547190718128,76572.46698048919,999.581976600188,106735.04834243364,1667.4227081754138,76654.30177472366,926.9736795860747
Velmeshev,5242,L4,14.994520547945205,U01,210,6.4894503810358914,103812.30625206255,2585.7023340091387,72049.34313582715,955.7225962250293,106408.79436466083,1591.148685878703,75562.8447964089,884.1671382164376
Velmeshev,5242,L5,14.994520547945205,U01,113,6.072394393243973,98674.47427838453,2452.1929057015386,62385.73514546485,795.5905438146029,98593.02251742754,1370.669937143986,62506.11270704801,677.7780157061842
Velmeshev,5242,L5-6-IT,14.994520547945205,U01,109,6.182988956567112,96265.63262452427,2534.5294646125503,63988.64360789965,906.7602863378602,96543.28137665916,1546.448241039322,64261.9322464701,810.7137953183591
Velmeshev,5242,L6,14.994520547945205,U01,210,6.534490755678585,100525.17762366391,2489.6814152668812,63305.812149316895,832.5685537654774,101252.22947165923,1526.1906084101415,64029.18940827863,741.2082615940669
Velmeshev,5387,L2-3,11.994520547945205,U01,388,6.511311720652911,116306.98100201465,2704.1275326296445,89934.34103930004,1146.370339005695,116506.3968010064,1454.8337559597912,90081.34701933048,937.9120066536228
Velmeshev,5387,L4,11.994520547945205,U01,694,6.866805701305004,115125.18857749278,2743.936634284414,89790.42135451912,1187.1579928263288,116044.819012004,1541.1626747335886,90670.3151993135,1000.9810313916092
Velmeshev,5387,L5,11.994520547945205,U01,57,5.703314597202932,105119.76042508343,2530.4803151250835,71019.04726709938,930.9033920258573,104785.77540713518,1404.5045220030468,70381.26887075692,767.1660793129552
Velmeshev,5387,L5-6-IT,11.994520547945205,U01,49,5.762787311250769,103332.96033393574,2568.7362052722992,74162.02614175528,1050.3194594495098,102581.28294029844,1543.850886359539,73260.25845580887,896.2974923242946
Velmeshev,5387,L6,11.994520547945205,U01,160,6.257846981288777,105337.51685595264,2617.029719949831,72706.09680558777,994.6747773889579,104942.7483148241,1449.6686318422192,72322.64257545443,818.5826224946569
Velmeshev,5408,L2-3,5.994520547945205,U01,347,6.696147754940038,117085.43263847605,2634.811021125984,89924.50045718288,1054.4215408970706,117533.29236468465,1593.4469599895065,90288.74442312517,939.0811303263164
Velmeshev,5408,L4,5.994520547945205,U01,344,6.629813834908441,113413.01106457357,2673.038159446909,85469.76393196562,1050.2156954651675,114319.24458416205,1557.5679894258424,86698.94872308486,935.702474657048
Velmeshev,5408,L5,5.994520547945205,U01,37,5.711381158529043,101406.59147276041,2456.8710903870738,65016.05443709592,792.7810603287727,100942.12768705928,1552.2825171752215,64395.351113632125,734.4937056598545
Velmeshev,5408,L5-6-IT,5.994520547945205,U01,280,6.666349471560198,101847.2250955884,2509.382924394065,70676.40140912139,922.7000282296942,102429.17769021855,1535.5144917600246,71379.65495356925,816.1836499984371
Velmeshev,5408,L6,5.994520547945205,U01,162,6.310625136562828,103176.65885091212,2525.2061604012197,67520.16238105079,877.8864761775951,103253.96487298267,1343.4262222537466,67523.87477403646,698.4665825734073
Velmeshev,5538,L2-3,18.994520547945207,U01,85,5.972166722837365,104734.51411861743,2599.481915443048,76818.23211865418,998.7424416265216,104847.43853849341,1543.1211141241924,76898.98318782596,901.9828856018605
Velmeshev,5538,L4,18.994520547945207,U01,168,6.24225810036712,96834.88760309319,2660.06644487394,68433.8314113635,979.8240236980582,97329.71904040119,1540.2170248524499,69039.00010681819,894.4025597588494
Velmeshev,5538,L6,18.994520547945207,U01,39,5.616362067865839,93233.69774119825,2439.690570823126,58994.52499095535,795.1209348122748,93215.28896945692,1384.8256478097042,58954.589628364156,691.6855687236198
Velmeshev,5577,L2-3,20.994520547945207,U01,186,6.451049505022375,113642.17007980903,2674.345774523337,87024.84028148261,1091.5641820418602,113733.2642056442,1733.2126916571133,86927.05325251537,1031.0688031637883
Velmeshev,5577,L4,20.994520547945207,U01,351,6.674568788799924,112585.72137194128,2704.943994033303,85609.24804979672,1103.3863712380207,113225.6862756924,1656.735861887922,86236.63418180073,1009.0180914252736
Velmeshev,5577,L5,20.994520547945207,U01,42,5.6854282170733255,101572.03523380515,2498.037625491437,66243.85127987263,858.2460867380506,101476.72426389714,1470.8253082788133,66354.44205493275,744.3455261181894
Velmeshev,5577,L5-6-IT,20.994520547945207,U01,56,5.941932603313064,99076.38675765308,2510.9427829370143,68257.99622396372,944.9759933271182,99349.22232265747,1610.4453097668788,68470.7795115275,859.7715671374673
Velmeshev,5577,L6,20.994520547945207,U01,156,6.344117854381227,104024.20569434474,2555.8023790706684,69985.73370042203,919.9462000627143,104152.73605474421,1531.4337835147776,69972.91271771563,812.5651208937448
Velmeshev,5879,L2-3,14.994520547945205,U01,289,6.609399626625249,103420.89203149884,2683.3621073768104,74316.2733144094,957.2153560894847,103248.11831039208,1677.5795446159177,73993.73821283627,901.6669757021813
Velmeshev,5879,L4,14.994520547945205,U01,160,6.236401208265657,101811.3648722886,2669.6622115472,72454.10062477317,970.3849733024381,102382.84128142986,1557.6236768114977,73277.45297300785,884.6804671211946
Velmeshev,5893,L2-3,18.994520547945207,U01,260,6.440903102607275,105615.33866984888,2660.4506548189256,77909.078892448,1041.0770675322087,105407.57386865665,1548.613375615489,77535.95867387485,924.8079443917662
Velmeshev,5893,L4,18.994520547945207,U01,235,6.316788649239519,100566.67081082676,2636.2212851862355,71668.47684311018,992.4885445964753,100899.05948078085,1425.2560910844181,72272.90589067081,859.3888683964904
Velmeshev,5893,L5,18.994520547945207,U01,22,5.280981066857412,91770.95854594614,2342.384870575027,55682.176376673175,767.7952406036612,91523.14865736122,1336.1963888167134,55453.43142428964,656.9900561511784
Velmeshev,5893,L6,18.994520547945207,U01,105,6.001635076965589,91435.53731919038,2501.7073902753764,55318.872716142345,791.7522152802884,91265.93716274535,1338.0740129777118,55128.676217233435,668.6408237891304
Velmeshev,5936,L2-3,13.994520547945205,U01,195,6.341504362221009,114455.23438327972,2655.3789071274723,87609.46636245522,1026.494480661123,116524.71855163592,1528.6176896292081,89907.04865333314,911.1762476418485
Velmeshev,5936,L4,13.994520547945205,U01,107,5.880281827558124,110500.18542062593,2673.918460238554,84086.41035007786,1090.8875432293194,112452.69575016559,1330.9642497406378,86555.71736267721,856.122763814434
Velmeshev,5936,L6,13.994520547945205,U01,40,5.44258636978825,100815.11655024115,2419.084571372651,65947.69962078946,867.7363321817212,102755.31382797878,1047.6235056975188,67677.49426577978,565.5780645068118
Velmeshev,5958,L2-3,21.994520547945207,U01,133,5.850736882398386,119425.68495178653,2693.994251852835,93387.13492417049,1124.1345909172235,120007.47168005316,1155.9079462456207,94330.38379304393,771.9116860922686
Velmeshev,5958,L4,21.994520547945207,U01,168,6.228253772413462,108580.66537976064,2727.3321644172356,80492.83072510886,1043.122295055751,110159.5254824549,1465.8265050556897,82580.39521907699,892.8202137392935
Velmeshev,5976,L2-3,3.9945205479452053,U01,149,5.846019627067046,121990.05172071062,2621.2663665551017,97509.34125544166,1125.7203864483731,122995.26178647483,1093.2120392448232,98527.78039788222,744.7584200626419
Velmeshev,5976,L4,3.9945205479452053,U01,101,5.777369541042511,117863.97395519623,2662.3381029852035,94310.22849870597,1166.280311497448,120432.58648570042,1115.6873300088387,96693.23960331986,763.1680544163695
Velmeshev,5976,L6,3.9945205479452053,U01,68,5.610115889631136,106188.40699065267,2501.2892535037754,73700.8779332583,922.7218150993565,105986.112778248,1060.270807851914,73304.16003957996,614.671730019015
Velmeshev,1798,L2-3,1.7835616438356163,U01,167,5.49079534093479,121302.79264301254,2575.612795489204,95804.20846724093,1104.0744682551012,121777.59619289194,715.7633861839815,96105.20471620104,514.3041189747728
Velmeshev,1798,L4,1.7835616438356163,U01,284,5.559638547924069,115565.90312551003,2648.601090092855,89859.02210636338,1114.1911252832188,115175.4952002552,597.2086054296991,89321.33664605947,435.8729276124242
Velmeshev,1798,L5,1.7835616438356163,U01,68,4.721439617103788,106564.71545037223,2190.2344252467456,71424.42794824179,868.8628724990583,106535.1975994875,416.9642424429916,71203.73365549897,263.09975314034864
Velmeshev,1798,L6,1.7835616438356163,U01,153,5.159031513849653,102708.88133858392,2402.8581072894694,69735.64183489035,902.8505059357325,102427.5916121363,432.887482359665,69434.46968802378,276.44903293788104
Velmeshev,5608,L2-3,3.526027397260274,U01,85,5.434287799002116,121432.99017662928,2623.04487651481,96719.9943942017,1104.2272298968776,121185.68351569951,992.5913807239574,96392.45249821541,679.4145758226201
Velmeshev,5608,L4,3.526027397260274,U01,99,5.395586716955112,115681.13912135121,2605.620832214908,89226.68493402845,1048.8365173783845,115993.26684868342,860.6995815067919,89543.33138289186,588.4818113949302
Velmeshev,5608,L6,3.526027397260274,U01,69,5.0813833174622856,104843.944015258,2423.078733981529,70870.46992701404,916.0540029225232,104860.68113641432,626.6419194494642,70771.54335990308,382.6073010682668
Velmeshev,RL1613,L2-3,2.0712328767123287,Herring,43,5.274815722689464,129318.76528177023,2562.9386482813525,104452.50063064057,1222.3151577875944,128258.51723008833,1151.647572021608,103596.51732444813,802.0523606887467
Velmeshev,RL1613,L4,2.0712328767123287,Herring,286,5.903614623433634,122375.48901582067,2670.5127361948416,97401.8789400542,1180.0825737262035,121772.47037132047,953.4878059482946,96873.63063181526,688.6315104414149
Velmeshev,RL1613,L5,2.0712328767123287,Herring,37,5.151103123192131,111248.12095916623,2334.3779966853376,76524.1446859851,907.6871914235484,110748.08695325442,955.1027620688071,76204.33725280483,557.4375141424466
Velmeshev,RL1613,L5-6-IT,2.0712328767123287,Herring,30,5.002848297036753,105541.62626034493,2345.4599607988857,76153.80376024087,1049.7243145927162,105701.3572546745,954.5403210807767,76505.93030785696,619.414904939906
Velmeshev,RL1613,L6,2.0712328767123287,Herring,179,5.725669927516347,106236.52573601124,2474.8501038849377,71681.44704949403,948.9292221041185,105790.80102995713,859.3407428426613,71298.7362923912,527.7896271210768
Velmeshev,RL1614,L2-3,7.994520547945205,Herring,91,5.696966768140209,129996.7813684,2582.3677457208887,104764.21515215104,1208.6387149540847,129679.31767079444,1203.2539434934092,104097.62745932017,823.265064124691
Velmeshev,RL1614,L4,7.994520547945205,Herring,54,5.437511159377366,121994.19401553924,2525.1851278712743,94635.1796387493,1190.109930251418,122163.8474233396,1139.442067974763,94983.86004287312,778.6925498655716
Velmeshev,RL1614,L5,7.994520547945205,Herring,66,5.441206377593687,112906.3271269975,2304.3421999727066,76089.44086621127,858.0625810789815,112380.54092262746,941.3959579037056,75760.37950971263,536.4817968766755
Velmeshev,RL1614,L5-6-IT,7.994520547945205,Herring,22,4.915595039159147,109517.76177496341,2221.412801793108,79164.08350983556,1056.2193228709184,109543.56682566061,959.0100560689984,79046.07333325564,611.7453662651424
Velmeshev,RL1614,L6,7.994520547945205,Herring,214,5.847984550000223,110182.46129509603,2439.861842070204,74571.3154906173,951.9336147356375,110043.20570732052,855.5622727654943,74394.72398976999,519.2116853507297
Velmeshev,RL1786,L2-3,2.0712328767123287,Herring,473,7.03638813050012,127635.76868502954,2541.748564209917,101081.03635763214,1135.3164462699385,126793.29931678025,1684.6354268576774,100101.19992642058,1015.8437133478903
Velmeshev,RL1786,L4,2.0712328767123287,Herring,121,6.411685013556108,123481.16247660147,2554.861870338511,95948.28065053691,1140.1685282269912,122965.7073415588,1704.8872966875324,95773.03539958758,1036.6919754820021
Velmeshev,RL2102,L2-3,15.994520547945205,Herring,1721,7.143742617502666,126031.00887073574,2652.7485258508163,98915.48231876649,1135.7151830513499,124188.37655280362,1410.4575767995066,96318.77645987945,906.5970115252323
Velmeshev,RL2102,L4,15.994520547945205,Herring,186,6.1085741559974185,121554.71465479417,2625.66512726984,94116.00857871996,1130.6108094716542,121076.94549165302,1329.4897088475714,93678.42076267242,867.3401039916033
Velmeshev,RL2105,L2-3,1.7123287671232876,Herring,783,7.08327200987693,121721.54840950055,2588.6000444770234,94138.05451486912,1102.7769677973724,120971.46193674194,1628.7573924161468,93099.45493636477,976.4752155174176
Velmeshev,RL2105,L4,1.7123287671232876,Herring,533,6.8989496735460225,117057.54789502115,2616.5605964342135,88214.62278794603,1089.6811385102706,116502.57053196896,1614.6527049742854,87777.78174303485,966.3040613422996
Velmeshev,RL2105,L5,1.7123287671232876,Herring,42,5.695443148657882,105039.3384283537,2368.9385620782377,65555.36712511093,795.5096167077373,102754.2722969726,1244.9943668488522,63235.52735634337,598.3166917103607
Velmeshev,RL2105,L5-6-IT,1.7123287671232876,Herring,22,5.597165154957647,102245.2727053567,2448.305848028058,69078.00359857459,962.3247226626047,102646.76361537757,1643.421640477075,69742.61143362301,877.2994255463751
Velmeshev,RL2105,L6,1.7123287671232876,Herring,132,6.380168353013854,101890.22901627028,2459.687283951136,63586.96871500878,872.9185985132488,101263.38680220979,1547.2004720470864,63081.17626496746,766.8994509876594
Velmeshev,RL2106,L2-3,6.494520547945205,Herring,769,7.078905707383039,121181.38000119574,2635.386249476192,94361.2017400407,1133.3599488415157,119228.48075610172,1684.6016051011595,91953.27369951825,1027.3630013277652
Velmeshev,RL2106,L4,6.494520547945205,Herring,765,7.0143055643941725,117141.05853804632,2647.7408882593136,89020.92068717435,1117.5356717264071,115796.57027976311,1626.6762229459214,87837.57041053755,1004.1235429562461
Velmeshev,RL2106,L5,6.494520547945205,Herring,77,6.01514255386335,103972.92092177353,2434.625511421584,65390.938803651654,815.8551650595028,102220.05913844806,1452.7823548040788,63422.34761239546,696.2170299920407
Velmeshev,RL2106,L5-6-IT,6.494520547945205,Herring,60,6.051187264616265,102425.12758817806,2431.627448042371,69247.22914532249,926.8819903288899,101175.54177363639,1623.0435652705937,67983.8668334468,850.7832919104472
Velmeshev,RL2106,L6,6.494520547945205,Herring,134,6.356253658551756,104292.89156140438,2456.084759714202,66342.97163451057,876.1890711811714,103102.07512993555,1534.0839422370254,65008.921570419574,781.3942106048444
Velmeshev,RL2109,L2-3,3.9945205479452053,Herring,291,6.832929655147029,125287.00060832819,2607.2739225957253,98389.93466163155,1122.6063591622576,122367.28549788706,1790.2996368660188,94872.06037271468,1048.2545406455956
Velmeshev,RL2109,L4,3.9945205479452053,Herring,352,6.863347429784489,120078.90185305217,2637.2438905348654,91711.15252117108,1102.9135382957593,118241.27078835943,1755.7883468365028,90052.61567441291,1030.9201282322651
Velmeshev,RL2109,L5,3.9945205479452053,Herring,49,6.002271921637859,108223.4479486605,2386.910054985716,69729.6420380901,801.7068516156005,106467.22606453922,1564.2840625940107,68475.24583144895,727.835028862394
Velmeshev,RL2109,L5-6-IT,3.9945205479452053,Herring,40,6.016419464692015,104153.9047405154,2441.8662742074184,71730.67402455585,955.927951962267,103445.63622627268,1730.3579834909885,70843.50599184586,890.3467020761531
Velmeshev,RL2109,L6,3.9945205479452053,Herring,171,6.576392725240945,104970.11020937623,2458.94911200946,67721.37667721133,874.8194440915066,103921.49551513713,1606.7938563708176,66702.66691729959,797.0619675811369
Velmeshev,RL2110,L2-3,9.994520547945205,Herring,21,5.9770483240867796,119004.77868738689,2582.08583461892,89559.55008287089,1085.077453534823,117315.76171194325,1948.1053089763166,87183.70713665531,1029.9292003196817
Velmeshev,RL2110,L4,9.994520547945205,Herring,49,6.306421167138136,112722.23762744231,2590.404018508937,82148.40214251015,1019.0323518938931,110426.89431909668,1926.682989334803,79869.382467963,997.017270816773
Velmeshev,RL2123,L2-3,19.994520547945207,Herring,61,5.959665182783762,124170.5494991379,2591.467639998009,94658.9684982421,1087.3144872876248,122575.65090818939,1574.1706146299853,92352.98885607843,922.5496514340076
Velmeshev,RL2123,L4,19.994520547945207,Herring,65,6.002893597502058,119198.00945171462,2610.6366276536364,88679.36927908577,1066.2218357471202,118726.35947466407,1607.4768931580902,88315.63525404588,935.9127356637816
Velmeshev,RL2123,L5-6-IT,19.994520547945207,Herring,30,5.653830701954438,107467.10041191481,2382.538261872007,71956.39947334962,937.6607325387429,107323.27288222246,1475.3386512720858,71315.35778803506,785.4691289520115
Velmeshev,RL2123,L6,19.994520547945207,Herring,189,6.39257016296348,104537.1414161551,2438.906674829688,63436.059537080175,826.4042586602551,102543.64616934137,1352.745721325849,60856.200220046914,662.1639762730282
Velmeshev,RL2125,L2-3,1.1506849315068493,Herring,33,5.85744467468336,123641.17580829101,2458.7704047112247,95206.94278524075,1088.022916603853,122811.21615893382,1711.708948956946,94055.9505514408,984.7249941230828
Velmeshev,RL2125,L4,1.1506849315068493,Herring,30,5.374574226824472,114393.89499972339,2428.6322364830276,87952.02177937508,1160.7257211402682,113770.72034076357,1312.3919693567657,87435.41851704942,855.8738020018328
Velmeshev,RL2126,L2-3,9.994520547945205,Herring,107,6.51650985751913,121094.64141541343,2617.269625803995,92962.66745107892,1118.7811114357407,120718.03334878033,1991.1893956831268,92347.19763759503,1114.2554803598218
Velmeshev,RL2126,L4,9.994520547945205,Herring,97,6.389992761013653,116844.75933098093,2686.6146028229377,88867.56836826821,1150.7000100193713,116889.6659027716,1984.3310580245893,89067.79646349722,1150.5182112338573
Velmeshev,RL2126,L6,9.994520547945205,Herring,38,5.998054351895468,104269.98497940546,2408.3185787857656,66599.98676181937,910.211770431801,104245.91290141914,1776.738411034265,66549.18508625169,876.7279022895772
Velmeshev,RL2127,L2-3,11.994520547945205,Herring,88,6.588317095248569,120394.14818351784,2609.1176295210157,92506.33105230666,1111.5203562277666,120480.4434160976,2080.077378541991,92460.19531268519,1135.1277660104158
Velmeshev,RL2127,L4,11.994520547945205,Herring,65,6.345886150519735,117017.18257841998,2663.9688766747167,88814.61893221407,1135.0210159322485,117949.37241213898,2019.2492948700865,90362.10004689667,1145.3489023240118
Velmeshev,RL2127,L6,11.994520547945205,Herring,93,6.347914211872047,102647.38456599512,2419.1119619735464,63645.95135476214,838.8424803307896,102602.37758291545,1615.4276631124249,63491.04908990366,770.7051820310232
Velmeshev,RL2128,L2-3,19.994520547945207,Herring,183,6.763331165051375,116596.77001650698,2630.5469795573767,87493.62919811331,1064.045123357831,115439.67574606664,1973.955821758254,86126.80659755245,1064.141758650885
Velmeshev,RL2128,L4,19.994520547945207,Herring,145,6.552774526174261,116265.8642846867,2621.5701976639984,86821.81719423637,1060.7341164960326,116013.59572689724,1885.7248935058515,86819.00605971576,1052.412826838138
Velmeshev,RL2128,L5,19.994520547945207,Herring,29,5.823127829243428,100261.62313903803,2355.6912823033977,59000.3352752797,725.9978917946991,99184.18192181563,1581.4128237842551,57604.67683048749,659.3273924065589
Velmeshev,RL2128,L5-6-IT,19.994520547945207,Herring,23,5.938901816244221,103603.48343188815,2409.5806942453983,67996.66818761126,887.3040205631837,103317.68311291216,1874.317431147445,67872.74111613359,893.9915387149565
Velmeshev,RL2128,L6,19.994520547945207,Herring,46,6.073692695062007,102969.79773831778,2422.4447483605254,62554.25117468599,814.6027560243629,102701.05132656147,1716.128984011843,62517.39773139768,789.0333397733173
Velmeshev,RL2129,L4,2.9945205479452053,Herring,130,5.72743958443488,111214.8107526344,2409.1061918008672,87072.80731422034,1064.3215421719574,109632.97603348213,979.0589326726551,85611.46048405251,672.6732391633465
Velmeshev,RL2129,L6,2.9945205479452053,Herring,34,4.985610572325098,91478.00934216368,2075.4098965566404,57248.01892137469,807.4561861797383,91129.82458053759,700.9058362730921,56326.49063527292,392.0765478617415
Velmeshev,RL2130,L6,13.994520547945205,Herring,74,6.315337114876633,107843.06714529483,2400.9442699972037,70052.46328267356,837.6427596376542,106204.29802830292,1516.4695424037807,67911.94284281998,721.7308223308736
Velmeshev,RL2131,L2-3,16.994520547945207,Herring,685,7.2480630848754295,121606.83422625798,2620.547232613293,94275.74880446907,1109.4010539771477,120730.05230534184,1869.6993361344444,93051.34960954092,1072.7883497550192
Velmeshev,RL2131,L4,16.994520547945207,Herring,273,6.799583410703199,118729.97274958978,2589.4904215702263,89979.137790465,1064.5810608884592,118503.88716239427,1785.5053480928639,89860.01472884562,1020.365254599834
Velmeshev,RL2131,L5,16.994520547945207,Herring,31,5.806482517545681,107127.85706788438,2324.8785239911676,68114.55156859252,767.0528564365661,106996.94322404308,1577.4121617241763,68034.81004544276,712.6677407173615
Velmeshev,RL2131,L5-6-IT,16.994520547945207,Herring,31,5.7976227273957575,104865.44313201657,2384.140855682511,71083.63924747641,927.2821041271684,105711.01560515515,1561.043602186198,71448.32351851962,814.3473866237181
Velmeshev,RL2131,L6,16.994520547945207,Herring,118,6.3782974019366145,106692.69274635075,2395.391504375977,67706.36263087118,833.3829094312479,105951.50472301416,1509.198027097145,66510.28389523702,734.0534988409518
Velmeshev,RL2132,L2-3,24.994520547945207,Herring,1125,7.215387223485102,126811.43328464936,2641.8200963007207,100527.5474527207,1169.7403804166354,126146.32345308727,1603.8842514467701,99480.1974742325,1007.2372023727547
Velmeshev,RL2132,L4,24.994520547945207,Herring,247,6.573917873112555,119223.08553541834,2648.9631792167015,91170.80794824263,1125.5552149427976,119416.00778071831,1639.4732100371634,91633.10428926967,1004.1706753322612
Velmeshev,RL2132,L5,24.994520547945207,Herring,23,5.337003762082101,104391.88127752951,2330.786906746118,66401.74400275189,843.3666118515852,104276.31374432726,1221.5708458562624,66403.8680485273,618.1979173706424
PsychAD,Donor_100,EN_L2_3_IT,21.0,PSYCHAD,442,7.1729960990707955,101098.53180897227,2459.766318524106,79835.24249134373,1063.3540013813542,99885.23512329478,1752.5800039171722,78099.78849675375,999.9966173492562
PsychAD,Donor_100,EN_L3_5_IT_2,21.0,PSYCHAD,44,6.020220777260005,100903.88755209003,2470.349271780682,79742.9458429067,1111.4824486584332,100645.2568825071,1700.0973782710469,79376.999959237,1026.2005203325134
PsychAD,Donor_100,EN_L3_5_IT_3,21.0,PSYCHAD,39,6.138471645335286,98405.59239880258,2401.8449241929966,75525.46720708696,1021.230273028286,97410.42188602638,1744.398497308281,74390.3423452781,971.1017283586777
PsychAD,Donor_1152,EN_L2_3_IT,18.0,PSYCHAD,283,6.991658116678408,103427.5321299091,2453.0062329205407,82153.06681867458,1068.2867500568989,101790.61732683404,1785.1464455727676,79977.0438193123,1018.1812625173195
PsychAD,Donor_1152,EN_L3_5_IT_1,18.0,PSYCHAD,26,5.88007867026788,92566.93354162294,2378.1087187801377,69441.46521026977,983.4276499730455,92183.40096865321,1750.6486195645516,69115.56176175796,949.8302252560032
PsychAD,Donor_1152,EN_L3_5_IT_2,18.0,PSYCHAD,63,6.208326048847411,103313.47020609376,2460.4269218097297,82628.0368642453,1119.7626904008403,102906.65562880962,1744.0697218041696,82113.20043277399,1052.4656286261518
PsychAD,Donor_1152,EN_L3_5_IT_3,18.0,PSYCHAD,57,6.32568946951824,101003.19840989915,2399.6297670620415,77693.47025321778,1028.7349653119265,99821.84677771234,1810.2563804141882,76293.12394154916,1004.1690262675637
PsychAD,Donor_1159,EN_L2_3_IT,19.0,PSYCHAD,25,6.054288552908092,98146.92265871639,2454.197781510822,75142.07093431424,1057.567856609733,96954.94904150644,1864.579778668872,73699.71321275648,1003.9898428808477
PsychAD,Donor_1185,EN_L2_3_IT,26.0,PSYCHAD,182,6.686683717363661,91467.68274028393,2410.924481480586,70065.17502655898,974.9476383640902,90008.48795695155,1678.9551355348358,68397.3396663288,922.799742231749
PsychAD,Donor_1185,EN_L3_5_IT_1,26.0,PSYCHAD,25,5.639633885315905,82738.58799223477,2313.7403214264996,59263.21675892798,882.5843682199528,81876.96211114235,1486.8716360042467,58465.094170949866,796.902491453313
PsychAD,Donor_1185,EN_L3_5_IT_2,26.0,PSYCHAD,28,5.643167330253651,88309.67725531336,2388.1129460157986,66875.32391618496,1003.2180477837817,86516.8904581259,1521.0000396873363,65090.40850351617,882.9601821460961
PsychAD,Donor_1185,EN_L3_5_IT_3,26.0,PSYCHAD,43,5.960420828418221,87366.23390969684,2366.9930957890087,64671.01441240578,946.1023184778093,85714.4863554147,1570.1286120283962,62973.982341016905,858.3034383628266
PsychAD,Donor_1204,EN_L2_3_IT,18.0,PSYCHAD,454,7.0212728410202985,106122.34823656602,2440.2136107461943,83590.66639051314,1076.281018109514,103869.22499759737,1639.2603140209328,80582.83878111094,969.9471303796897
PsychAD,Donor_1204,EN_L3_5_IT_2,18.0,PSYCHAD,20,5.604692507015239,107284.55745559624,2418.6422632463245,86302.86378230069,1156.1798443082625,106647.87848429824,1677.0636704779856,85703.58190600672,1042.4144602287597
PsychAD,Donor_1204,EN_L3_5_IT_3,18.0,PSYCHAD,32,5.885804901090275,102788.60113342978,2389.520515282234,78749.3581212289,1041.0287449644632,101509.91917363109,1613.8284785061724,77240.63716762727,935.8955346292151
PsychAD,Donor_1242,EN_L2_3_IT,26.0,PSYCHAD,59,6.46876266588881,99383.31411653613,2467.748601751352,77462.02455414418,1039.5694607018434,98329.8645481428,1884.7737159275016,75653.32211519622,1015.9433555658821
PsychAD,Donor_1242,EN_L3_5_IT_1,26.0,PSYCHAD,26,5.960250482520357,91638.22363070105,2424.0047356311175,68077.21775820859,990.3548479054266,90452.75407199576,1816.4819248033202,66898.56926162721,971.5221257651011
PsychAD,Donor_1242,EN_L3_5_IT_2,26.0,PSYCHAD,54,6.267181822697984,101015.3233338127,2527.9614534483107,79899.06121061518,1120.2167152989643,100316.98470738487,1904.6608084132479,79234.46378730203,1110.9815172163
PsychAD,Donor_1242,EN_L3_5_IT_3,26.0,PSYCHAD,63,6.4601980501167215,96891.78324593122,2459.399392156598,73703.29835278059,1011.0776932627467,96167.9208254268,1899.4839543875883,72815.2980408732,1014.3948901846924
PsychAD,Donor_1330,EN_L2_3_IT,15.0,PSYCHAD,32,5.610256550087056,91791.8742350731,2377.262780386254,69087.89182805132,969.9029700848598,89349.32328707307,1224.9576417415442,66299.71963446584,706.9293233777826
PsychAD,Donor_1330,EN_L3_5_IT_1,15.0,PSYCHAD,27,5.648418563593011,84795.42825161022,2348.3656386397906,61813.100145355245,927.3699478869462,84130.83757695643,1421.8183002495405,61273.48025216514,788.463885377156
PsychAD,Donor_1330,EN_L3_5_IT_2,15.0,PSYCHAD,82,6.070832544830784,94568.468860317,2429.290276782332,73662.5513206992,1015.8685024969429,93032.58528501603,1463.627197457798,71965.63724866364,881.5058148439684
PsychAD,Donor_1330,EN_L3_5_IT_3,15.0,PSYCHAD,68,6.148711523227711,90992.34023848054,2379.6010742840913,68293.92346032965,959.2725123827162,89711.60284998427,1563.1020791085073,66948.90254118457,871.1684608358321
PsychAD,Donor_1355,EN_L2_3_IT,22.0,PSYCHAD,286,7.076909564602596,91493.75672266862,2452.693678809932,69890.30905870674,1019.5563830659781,89661.14805605373,1846.98306845825,67691.9697282318,995.0373918481193
PsychAD,Donor_1406,EN_L2_3_IT,13.0,PSYCHAD,327,7.086620542681461,105356.15371754103,2403.0327920089658,83549.34398380623,1046.0708860198083,104292.22696923424,1767.8554815827947,82091.6446236214,1002.58226924161
PsychAD,Donor_1406,EN_L3_5_IT_2,13.0,PSYCHAD,24,5.739389570065316,107606.09432919962,2374.761577146319,87208.42871226111,1114.0483511199495,106863.73060109916,1681.557238420587,86102.82685379035,1029.9778415857045
PsychAD,Donor_1406,EN_L3_5_IT_3,13.0,PSYCHAD,26,5.946207045403888,102418.21821384113,2335.043949169272,79166.6618941171,1022.022169415202,101307.94871062378,1723.9188147488662,77742.41554785364,971.1368205065536
PsychAD,Donor_163,EN_L2_3_IT,13.0,PSYCHAD,57,6.140977907835165,108488.89958460972,2366.657184282296,86574.3384556218,1052.6619619435323,108379.93207056184,1508.9731168342037,86484.2774016926,891.8363965253361
PsychAD,Donor_163,EN_L3_5_IT_3,13.0,PSYCHAD,24,5.570750697755022,106556.20874556652,2257.9551296567242,83321.04064518296,1018.2515511849133,106589.20474996611,1323.5742227552334,83510.6215121235,799.1586870783606
PsychAD,Donor_173,EN_L2_3_IT,24.0,PSYCHAD,101,6.45412501114282,94024.93231487293,2470.9208137245682,72059.21749197961,1013.0483902685271,91364.9073047883,1622.9214364557843,67872.42054458546,889.4485302787291
PsychAD,Donor_180,EN_L2_3_IT,20.0,PSYCHAD,197,6.836581640541207,88863.99223749792,2417.889784327789,67645.6753098561,988.4476629741868,86668.93353792792,1748.6354259744387,65180.08889105794,946.5915536273901
PsychAD,Donor_180,EN_L3_5_IT_1,20.0,PSYCHAD,56,6.246867475909535,83251.53000298326,2373.68947232034,60608.64924693012,923.8192724216956,81134.91237943784,1675.9348513832404,58217.84063662917,867.9286200036124
PsychAD,Donor_180,EN_L3_5_IT_2,20.0,PSYCHAD,91,6.389323642635551,89513.24811056559,2422.8330958241277,68328.65500830255,1013.1821405298078,87329.72063636169,1690.5822552557568,66179.30268488791,963.09146710117
PsychAD,Donor_180,EN_L3_5_IT_3,20.0,PSYCHAD,100,6.532791820949622,86908.73580065786,2369.2344874913288,64296.43197337866,944.1285557229279,84092.43982564226,1682.4894992719314,61371.489737152166,890.8486541597645
PsychAD,Donor_240,EN_L6B,18.0,PSYCHAD,24,5.988085165945853,89152.47492625196,2273.720728744991,58405.120594304164,770.7689752948195,87747.67466518858,1595.559225224705,56701.33606180444,710.8396264866834
PsychAD,Donor_267,EN_L2_3_IT,27.0,PSYCHAD,47,6.2694258430960605,86810.49369644598,2443.380326743016,65512.75984064702,1011.5638429940909,85520.34321358116,1853.0945883109255,63836.21609927669,993.4200130071983
PsychAD,Donor_314,EN_L2_3_IT,25.0,PSYCHAD,94,6.722785899008147,105139.20501953014,2436.2080290203367,83548.1945984091,1064.8753557932796,104240.36991387939,1903.180903509256,82360.75488984025,1043.2233427612307
PsychAD,Donor_314,EN_L3_5_IT_2,25.0,PSYCHAD,20,5.999590701788309,102831.44973515824,2439.214072388353,81206.44556811609,1095.4104067723413,102597.41642449157,1978.188384000454,81189.87903731335,1102.7655865294091
PsychAD,Donor_314,EN_L3_5_IT_3,25.0,PSYCHAD,21,6.065411266922108,99872.3934135945,2363.4672325285565,75883.19755062844,999.7007015099175,98794.87306324729,1837.965976200296,74728.34927708856,958.8637030061836
PsychAD,Donor_364,EN_L2_3_IT,28.0,PSYCHAD,156,6.504851705611526,87555.82633504317,2446.1731331305996,66285.27843813506,1016.3074547608647,85524.6853918616,1593.0330742475037,63888.38657161194,913.0115505093513
PsychAD,Donor_364,EN_L6_IT_1,28.0,PSYCHAD,25,5.799923353676823,84360.7166138463,2350.4609493458665,60846.40206320049,981.537106288552,82953.48424431066,1667.1795201953144,59581.13710273146,909.7947642631624
PsychAD,Donor_412,EN_L2_3_IT,19.0,PSYCHAD,98,6.5821974959887255,97021.55838060718,2465.6588182058194,74294.76303525858,1030.676008729274,95759.05253973768,1858.385175359356,72783.42536767176,1008.1767951728333
PsychAD,Donor_412,EN_L3_5_IT_2,19.0,PSYCHAD,32,6.083264265795258,95885.80584553904,2477.7619384330865,74083.02379459224,1073.1496814290115,94673.86199752743,1914.7497694765125,72990.85519578125,1067.1215785267011
PsychAD,Donor_412,EN_L3_5_IT_3,19.0,PSYCHAD,28,6.031292098141618,97168.8129334137,2416.2205857139775,73467.85223862674,1015.7219665252017,95556.35918398577,1824.5632677920146,71929.87927617751,985.705475126739
PsychAD,Donor_412,EN_L6_CT,19.0,PSYCHAD,22,5.902561998378356,89272.96738734678,2250.0791120241065,59743.48206699214,815.7949462118006,88602.66648789596,1607.0743774990144,58476.41401176736,744.4919361765158
PsychAD,Donor_472,EN_L2_3_IT,27.0,PSYCHAD,172,6.588352282007906,99448.70170082021,2439.566332335982,78492.29234542185,1034.9846605645166,97677.26033908699,1583.6018839795881,76350.83643309075,924.8696297517117
PsychAD,Donor_472,EN_L3_5_IT_1,27.0,PSYCHAD,38,5.839230347189763,89977.90767681887,2338.659685621126,66625.85794883018,941.3191654146881,88263.35290049006,1489.071523261926,64943.411183696364,837.4488617239203
PsychAD,Donor_472,EN_L3_5_IT_2,27.0,PSYCHAD,103,6.2845099148664945,97894.56830501718,2452.4166804352963,76528.28188194757,1043.7278674507618,97036.98412431666,1592.5694086608607,75829.36006241417,950.7266019582823
PsychAD,Donor_472,EN_L3_5_IT_3,27.0,PSYCHAD,128,6.445873257963722,96039.53698774766,2391.0587898727495,72967.72658052648,977.0513244785508,94951.35731669827,1557.6377357750607,71854.21378582437,887.4118286486195
PsychAD,Donor_472,EN_L5_6_NP,27.0,PSYCHAD,42,5.88114889815088,87778.8323549484,2226.5658188010198,58256.37378513514,742.6931704916,87178.56119803897,1347.147058974332,57826.73848429672,627.0572540097398
PsychAD,Donor_472,EN_L6B,27.0,PSYCHAD,20,5.57196607217932,90971.80528802502,2232.061340059312,61486.7124536145,868.0178664816677,89627.47914312745,1378.1539098281908,60021.594909022846,701.9399487767123
PsychAD,Donor_472,EN_L6_CT,27.0,PSYCHAD,47,5.989236177677845,88561.37618039547,2249.396242688815,58873.87828996198,794.1179493941827,88071.80483276348,1431.9591324138933,58355.74978627676,692.7736775161457
PsychAD,Donor_472,EN_L6_IT_1,27.0,PSYCHAD,48,6.131487458089059,98128.01523269847,2359.033211055126,75065.26366821247,1011.1658839818771,96803.65063488015,1561.9807865989653,73641.44086796624,884.2998283400021
PsychAD,Donor_494,EN_L2_3_IT,26.0,PSYCHAD,165,6.834369450093243,100567.27127362488,2427.624827285666,78735.75048845289,1012.4391362108852,98896.04524526511,1779.1952315138515,76500.12460549583,962.9803058776952
PsychAD,Donor_494,EN_L3_5_IT_2,26.0,PSYCHAD,50,6.219946113089054,100994.92116444273,2428.8263652631676,79635.95535090248,1049.9838114858105,100491.36359721786,1818.1560778719995,79237.9949744417,1029.7037586792794
PsychAD,Donor_494,EN_L3_5_IT_3,26.0,PSYCHAD,83,6.516628304293641,97786.15579614174,2392.7891439313603,74271.24960584365,971.3014184908054,97336.04753909937,1780.0321127381646,73706.31025151591,946.1777076270009
PsychAD,Donor_494,EN_L6_IT_1,26.0,PSYCHAD,36,6.313168202965515,98704.93078152473,2376.841369600864,75402.84119106614,1019.7839171521388,98221.03535887772,1902.261814203347,74827.34239560645,1012.1701222483993
PsychAD,Donor_577,EN_L6_CT,17.0,PSYCHAD,20,5.570407493601808,86933.92815441203,2176.0657362445068,56696.795483940004,766.3554102995184,86824.63380883388,1398.8986264723906,56992.883700384205,671.8783198531312
PsychAD,Donor_666,EN_L2_3_IT,24.0,PSYCHAD,40,6.260424168585515,86551.58039456936,2395.403189766961,64265.761058806296,939.5068714684181,84385.23784890224,1844.480531452255,61920.03521751892,929.3540778136162
PsychAD,Donor_752,EN_L2_3_IT,20.0,PSYCHAD,248,6.852414783572698,100701.85662596337,2403.3457811891753,77961.99585347612,1015.7572176738498,99064.0078598757,1661.357442264271,75873.76613525348,934.6821208103922
PsychAD,Donor_871,EN_L2_3_IT,28.0,PSYCHAD,118,6.527631189577088,91669.93856550005,2488.6453168429944,70232.7800966125,1046.7805396454182,90616.45304144174,1775.0876325695463,68967.64316615752,1001.173447759789
PsychAD,Donor_871,EN_L3_5_IT_3,28.0,PSYCHAD,23,5.717992360651178,86871.39536249437,2400.859336984169,63852.60306931942,995.6672060183018,85613.86429662471,1652.1303812892377,62347.93829577831,915.3746717006367
PsychAD,Donor_959,EN_L2_3_IT,23.0,PSYCHAD,60,5.935163523286051,106871.23802491497,2346.9028032466395,84512.8806763851,1041.8711661659916,106321.28631343905,1297.6148623940549,83860.39583530568,792.1712847086978
PsychAD,Donor_1092,EN_L2_3_IT,14.0,PSYCHAD,89,6.2138329377381245,90702.39908543554,2414.817159041263,68631.68926195262,987.0512240830352,89334.16403347223,1497.804768088643,67087.21449854888,854.7722453312056
PsychAD,Donor_1092,EN_L3_5_IT_2,14.0,PSYCHAD,21,5.589410026598102,96587.16510988103,2405.99988072211,76108.71014227493,1108.7747115354218,94968.98311128367,1586.0247975821126,74459.01896003292,971.4790996646948
PsychAD,Donor_1092,EN_L3_5_IT_3,14.0,PSYCHAD,25,5.712414816104081,92894.7543459937,2376.8710470085075,69770.78377685123,1006.9739432386536,91705.69601398082,1613.233292794951,68644.90805966781,918.4841187334546
PsychAD,Donor_1113,EN_L2_3_IT,16.0,PSYCHAD,148,6.7541283802087895,94610.4627566274,2463.4907738381817,73374.93208273624,1040.0714606499703,92978.49344629713,1849.911215243014,71527.01741738938,1014.6532155642618
PsychAD,Donor_1113,EN_L3_5_IT_1,16.0,PSYCHAD,29,5.9510610174165075,88139.7055247418,2405.4265132555743,65564.01678718353,980.5199278540277,86553.10013287755,1758.2849592381376,63831.94079021932,942.292428181216
PsychAD,Donor_1113,EN_L3_5_IT_2,16.0,PSYCHAD,66,6.301055184013476,96155.86026220191,2468.958078413469,75621.13001188691,1086.3632281141668,94904.30516957465,1827.9449889454843,74413.15998588735,1064.7173753521308
PsychAD,Donor_1113,EN_L3_5_IT_3,16.0,PSYCHAD,49,6.323926228931994,91738.44045896223,2411.8489337167466,69099.41613403762,995.221703347968,90473.05799447058,1893.2256066170735,67804.24253977615,999.7259815458963
PsychAD,Donor_1125,EN_L2_3_IT,13.0,PSYCHAD,148,6.648837569842406,92974.949952014,2484.5593402129884,72042.71989067749,1061.0989452926717,91137.19877430606,1487.5639003198737,69446.22363042834,838.7630559070302
PsychAD,Donor_1125,EN_L3_5_IT_1,13.0,PSYCHAD,27,5.8742393800925115,85137.19977734743,2416.177333935115,62793.316659619566,997.349040954797,83935.40174230136,1641.8559508315054,61419.6249160169,899.4366622003628
PsychAD,Donor_1125,EN_L3_5_IT_2,13.0,PSYCHAD,77,6.440971546742889,94910.32890342994,2494.7597780384353,74481.0642345684,1103.0403210944332,93131.7769345443,1841.1272544910496,72582.5593938487,1068.6289794912725
PsychAD,Donor_1125,EN_L3_5_IT_3,13.0,PSYCHAD,37,6.132752315050202,88588.60028535847,2448.514743904489,65870.23048697895,1016.63114023568,86561.87942668097,1801.0927453600164,63819.74785507131,968.5490056385432
PsychAD,Donor_1132,EN_L2_3_IT,12.0,PSYCHAD,358,7.260051080663925,100387.32757079281,2394.102742727916,77590.98635251955,1014.1316728476858,100195.46031146431,1771.2017185274844,77207.5262681533,952.4314613526795
PsychAD,Donor_1139,EN_L2_3_IT,10.0,PSYCHAD,101,6.605920058556169,99193.86268941437,2454.1935781734715,77060.81894496742,1035.4281329230662,98342.11601717465,1840.5587841384129,75892.23200372189,1010.6439179716084
PsychAD,Donor_1139,EN_L3_5_IT_2,10.0,PSYCHAD,21,5.832706854780794,98602.90631150817,2479.9359073846285,76993.91539430282,1116.519813186325,97441.42156465196,1839.642656606169,75848.0544774935,1062.2479462783544
PsychAD,Donor_1139,EN_L3_5_IT_3,10.0,PSYCHAD,31,6.0592854107615794,96422.16917039442,2417.858285553274,73123.76826569039,1030.3557548470324,95928.12759693111,1814.5831610800753,72486.48176938668,989.8761643903172
PsychAD,Donor_1139,EN_L6_IT_1,10.0,PSYCHAD,21,6.024143597950416,97730.85897123006,2368.543941018631,74142.41798070916,1036.1772316509694,97155.92481702549,1834.205470547593,73331.89203182001,987.7259224949086
PsychAD,Donor_1144,EN_L2_3_IT,16.0,PSYCHAD,236,6.8477067515359655,92558.86245071815,2476.5892802461813,70693.72648062427,1033.5769694114374,91227.31499805165,1753.1039305318393,68924.86688276543,977.7615226063793
PsychAD,Donor_1194,EN_L2_3_IT,13.0,PSYCHAD,412,7.143833968940837,100153.97884657906,2435.4046857326784,78431.67249527751,1040.7691276571793,99691.25582989004,1781.006152480793,77809.56997774295,1000.4520517584267
PsychAD,Donor_1194,EN_L3_5_IT_1,13.0,PSYCHAD,25,5.824920769897321,94056.65423524851,2394.299323032358,70825.78324086126,1010.5946976931964,93224.55576492478,1708.8226848575723,69895.1613427173,945.681308057157
PsychAD,Donor_1194,EN_L3_5_IT_2,13.0,PSYCHAD,72,6.304612440559724,104088.20140474217,2427.4656736087672,83522.61315167633,1098.6295317849217,103697.9321451476,1754.933780370882,83099.21949257777,1048.1805076920973
PsychAD,Donor_1194,EN_L3_5_IT_3,13.0,PSYCHAD,46,6.157783650394699,98287.14170650073,2384.4550466749233,74755.62644634784,1006.8353436527788,97636.2379950772,1771.1521406520108,73974.91935033254,981.2431758772204
PsychAD,Donor_1211,EN_L2_3_IT,18.0,PSYCHAD,36,6.237856779764952,102057.27032270147,2391.569052794987,80392.6238766162,1023.8143109666972,102073.00336366294,1783.3048110766697,80258.06299934407,975.3277879741763
PsychAD,Donor_1211,EN_L3_5_IT_1,18.0,PSYCHAD,20,5.804137386987605,92378.06151022117,2315.9410755360827,68663.4915597364,944.0328908476519,92923.89772211939,1707.1388297795095,69267.34869713795,911.7766008469131
PsychAD,Donor_1211,EN_L3_5_IT_2,18.0,PSYCHAD,35,6.069477542627527,102610.51195805668,2391.3803798455974,81805.67664890797,1053.3006892008675,102632.78761519064,1735.516298500647,81632.85749908304,999.4466779934229
PsychAD,Donor_1211,EN_L3_5_IT_3,18.0,PSYCHAD,63,6.38678477458707,100144.10321755595,2362.149753170875,76767.03764526504,986.2844787459987,99685.29581437893,1762.3233047403212,76110.85412997207,954.3752394054002
PsychAD,Donor_1211,EN_L6_CT,18.0,PSYCHAD,22,5.882206242293166,90731.46711100558,2184.200795980641,60030.411982327525,781.0037282255637,89892.9891540416,1566.2447591199314,59241.0204124176,718.8967835133498
PsychAD,Donor_1211,EN_L6_IT_1,18.0,PSYCHAD,31,6.176224711720277,97271.15799004163,2322.085272215604,73223.17366176739,984.0327304134514,97528.20000141328,1759.0942975466864,73688.54612044786,951.2068386120442
PsychAD,Donor_1235,EN_L2_3_IT,15.0,PSYCHAD,88,6.418791502098961,90897.36110200218,2451.189145545622,68761.76589997362,996.9886553501367,89827.8570148008,1756.5229947305356,67615.92566634735,962.3142475767335
PsychAD,Donor_1235,EN_L3_5_IT_2,15.0,PSYCHAD,20,5.624008641502638,93822.4030095406,2427.717839940868,73040.56511332984,1091.8188559368052,93290.87667801847,1715.434603545794,72570.48829631896,1028.455952640647
PsychAD,Donor_1235,EN_L3_5_IT_3,15.0,PSYCHAD,32,5.876662302908478,89968.55417332787,2397.042867901087,66772.38059494038,986.125731446784,89022.7338671929,1676.7587803671297,65832.52986348108,926.1990010131416
PsychAD,Donor_1308,EN_L2_3_IT,14.0,PSYCHAD,283,6.887376346332921,92984.10158313632,2461.3037948335755,71674.71648028945,1027.2992061099912,90865.68559185458,1724.8998348184114,69271.17056383325,974.3007148522362
PsychAD,Donor_1308,EN_L3_5_IT_1,14.0,PSYCHAD,29,5.85235432283912,87118.79044484934,2412.49398079024,64975.01351005398,999.3476784173489,85038.39264581086,1708.4108441283404,62809.491974544035,943.1435200800794
PsychAD,Donor_1308,EN_L3_5_IT_2,14.0,PSYCHAD,77,6.238801319334886,95973.32889383375,2482.004522730047,75926.02386674775,1096.9259217571978,93914.53615864344,1737.9528475283912,73711.6983601978,1043.0440171479381
PsychAD,Donor_1308,EN_L3_5_IT_3,14.0,PSYCHAD,62,6.2051659147297125,91857.78432255359,2427.1089808405823,69195.04100905769,1010.823211403715,90011.00052483175,1715.53228215943,67314.2430215161,962.1028488181549
PsychAD,Donor_1310,EN_L2_3_IT,22.0,PSYCHAD,175,6.855956863764757,104655.08001661631,2452.007229542888,82907.41627480868,1072.4221176319954,103673.69626226128,1822.7275085478393,81376.41836665873,1035.1782446204595
PsychAD,Donor_1310,EN_L3_5_IT_1,22.0,PSYCHAD,30,5.977052444838383,96431.96093858726,2368.997168992963,72922.6549623648,992.3704715089533,94962.91724610439,1667.5825608006526,70910.15329690142,910.9812025344108
PsychAD,Donor_1310,EN_L3_5_IT_2,22.0,PSYCHAD,79,6.356459934672442,106822.25007282868,2446.966786605418,86291.55752205876,1124.9467270632917,105652.48221952697,1728.8904231646252,84625.45258341236,1044.2079065210755
PsychAD,Donor_1310,EN_L3_5_IT_3,22.0,PSYCHAD,81,6.407069356554352,101361.542889939,2408.965546868625,77847.00341168647,1026.8198054092163,99892.202974856,1716.7359502590734,75851.53530917922,964.7541268547169
PsychAD,Donor_1334,EN_L2_3_IT,13.0,PSYCHAD,110,6.531036989236024,101988.57803014069,2453.422595178302,80992.41749993518,1071.7573893591373,100379.01514447514,1724.435946427799,78959.840248215,992.2485775320413
PsychAD,Donor_1334,EN_L3_5_IT_1,13.0,PSYCHAD,22,5.64574934086923,92607.43056074454,2373.136429618927,69355.86846586253,1000.4294575948846,91274.11886201573,1549.204206649023,67826.92113214883,872.8820332654686
PsychAD,Donor_1334,EN_L3_5_IT_2,13.0,PSYCHAD,48,6.031430279426525,106608.41703570758,2439.9236004298173,86731.11684541283,1131.9290705722476,105995.82089410565,1678.6405838109424,85900.11935605608,1039.2599791196615
PsychAD,Donor_1334,EN_L3_5_IT_3,13.0,PSYCHAD,42,6.02216474496418,99560.03926752692,2388.9465381869773,76470.23243334287,1018.7549082516524,99317.48317766687,1644.8604245869228,76279.03687906843,937.9090429211058
PsychAD,Donor_1341,EN_L2_3_IT,5.0,PSYCHAD,23,6.025955591598247,94010.18979806261,2420.122934884447,72514.63687010847,1025.8578681788947,93454.23618567747,1876.7037803418873,71318.32730425171,1014.8845077906992
PsychAD,Donor_1387,EN_L2_3_IT,13.0,PSYCHAD,338,6.915164735426504,89853.5304717516,2433.3869024525943,68766.33712305884,1002.1861850321627,87786.35875669552,1654.6443063753516,66393.05708296131,933.2196155867651
PsychAD,Donor_1387,EN_L3_5_IT_1,13.0,PSYCHAD,53,6.048240925036771,85138.92429787108,2373.1429708754717,62949.80131449228,956.2508936667324,83173.24074028153,1567.0522310171236,60906.77283134093,869.7087517704716
PsychAD,Donor_1387,EN_L3_5_IT_2,13.0,PSYCHAD,87,6.220050527125682,91682.23890100484,2455.0663411594733,71518.9298067147,1073.0858648669325,89693.14075061772,1644.486685443014,69530.4787373697,996.3534206995107
PsychAD,Donor_1387,EN_L3_5_IT_3,13.0,PSYCHAD,100,6.402951405223373,90272.56684192305,2399.180093722712,67781.17480951441,989.4480358376594,88492.36135485327,1670.5102768400886,65975.54084702436,936.2453830729822
PsychAD,Donor_1447,EN_L2_3_IT,16.0,PSYCHAD,214,6.645265718260833,91235.1248745632,2414.9931854081156,68221.55541480485,933.8899136359013,87843.28692383389,1397.2275224262169,63236.744703379365,766.2229706846978
PsychAD,Donor_1447,EN_L3_5_IT_2,16.0,PSYCHAD,25,5.846645092149786,92705.744802696,2397.9950101283453,72094.52341683791,1039.6326037813833,89916.3802339886,1604.6235623554667,67950.99977685507,916.7235047176073
PsychAD,Donor_1447,EN_L3_5_IT_3,16.0,PSYCHAD,22,5.787780586703332,88527.24137990962,2339.387013014757,65884.3861822255,976.773251244438,88141.60181143283,1585.4279831853723,65073.37369981616,880.0178963482488
PsychAD,Donor_1484,EN_L2_3_IT,16.0,PSYCHAD,352,6.864519268500136,94657.91734472406,2504.062859449301,72403.84724262972,1040.5581923665065,93350.8258346657,1610.3865961648419,70775.3327734784,932.3411772594119
PsychAD,Donor_1484,EN_L3_5_IT_2,16.0,PSYCHAD,41,5.925569909543376,96493.50594571576,2504.504708460366,75770.32193039269,1127.9096055565549,94661.97445447175,1705.4733594436645,73856.76932322147,1033.8768823546504
PsychAD,Donor_1484,EN_L3_5_IT_3,16.0,PSYCHAD,43,6.0013970473840095,91628.71215100015,2488.503021855882,68588.36042295897,1043.3711296873976,90271.96957237751,1726.7756209509412,67026.56600062561,975.6107529599742
PsychAD,Donor_1484,EN_L6_CT,16.0,PSYCHAD,21,5.717003573780957,84904.35945464054,2236.6739280459387,54252.853012738924,796.0000486633193,84558.81840426549,1533.7107478709213,53681.66802688926,715.9102643501864
PsychAD,Donor_286,EN_L2_3_IT,8.0,PSYCHAD,114,6.135839038011197,97050.03812183221,2449.3165955187965,73280.08145229556,980.1794773330687,94260.06423136404,1234.4605627864958,70014.92325023124,735.0430588017779
PsychAD,Donor_286,EN_L3_5_IT_2,8.0,PSYCHAD,25,5.542970996985002,92535.29873789799,2482.231521518328,71074.43850673466,1098.7400823418507,92327.66152208886,1457.6226856599121,70563.08035180645,898.0115884279281
PsychAD,Donor_286,EN_L3_5_IT_3,8.0,PSYCHAD,21,5.559263680656105,93310.97556073665,2388.7040011200543,69214.89669919835,999.9357720210814,91992.10756523108,1502.2565612575534,67653.82228742068,861.5418694995102
PsychAD,Donor_514,EN_L2_3_IT,23.0,PSYCHAD,239,6.955654563752928,104539.90311423704,2432.9962555337884,82209.59562728231,1077.3157369412595,103736.37688802416,1828.1480980237652,81307.64052879493,1044.8203876626258
PsychAD,Donor_514,EN_L3_5_IT_2,23.0,PSYCHAD,36,6.073538364877685,105726.30132892278,2458.7441476537256,85355.66047607268,1169.0307041955518,105499.08613794953,1879.37687351866,85144.90614861877,1135.0413350538636
PsychAD,Donor_567,EN_L2_3_IT,17.0,PSYCHAD,130,6.643114979971645,99986.22159612745,2452.374510198592,77737.88120601451,1030.8838854864293,98818.40661917003,1737.0241424198296,75826.22632810455,968.0118751834864
PsychAD,Donor_567,EN_L3_5_IT_2,17.0,PSYCHAD,39,6.141907344501789,103254.35334462352,2454.948352235157,82604.17529510704,1100.8779773161252,103212.28736423618,1872.8645812060336,82557.90785184343,1084.155115903473
PsychAD,Donor_567,EN_L3_5_IT_3,17.0,PSYCHAD,37,6.072610495444156,98452.53375341414,2406.85094573603,74850.3020517688,1023.3727231424541,98117.67963489564,1739.333494635184,74022.77065612932,963.144346380715
PsychAD,Donor_631,EN_L2_3_IT,16.0,PSYCHAD,155,6.6976953052105905,99033.85600817362,2433.6226765633032,77644.54970673306,1041.0409867061448,98122.00152372189,1685.700666982318,76385.40340254482,950.6094199202321
PsychAD,Donor_631,EN_L3_5_IT_1,16.0,PSYCHAD,29,5.99000034621528,93230.28001526941,2386.5540303334574,71149.90077087772,1008.5720544575136,92813.6692151412,1775.9977555981927,70708.11564597848,969.5961028181845
PsychAD,Donor_631,EN_L3_5_IT_2,16.0,PSYCHAD,75,6.350545911956309,101229.17623617673,2458.3245746946172,81290.88172811641,1109.469061297263,101123.1420600765,1778.7335484066707,81244.49860673567,1063.0929088997302
PsychAD,Donor_631,EN_L3_5_IT_3,16.0,PSYCHAD,58,6.295566880066483,98039.5737404743,2397.9926058369906,75091.76348212888,1017.9434134809761,97201.02614788692,1753.3926448568689,74275.50694744759,979.8716335672477
PsychAD,Donor_631,EN_L6_CT,16.0,PSYCHAD,24,5.9431733754258245,87529.82158870425,2213.3856749393954,57945.55787576239,792.0940245996964,86627.23370666656,1585.179996121714,56954.323872988716,726.2595475770071
PsychAD,Donor_781,EN_L2_3_IT,15.0,PSYCHAD,167,6.5713444770982745,94474.94919884673,2411.7252450262195,71427.00117001701,936.9561939661348,90080.7142487151,1419.6280998854666,65234.99537349069,771.449920849949
PsychAD,Donor_804,EN_L6_CT,15.0,PSYCHAD,20,5.891672352336507,88542.54461576388,2202.8379983492273,57887.626478301005,771.0872083865673,86831.88493333587,1577.7656705014201,56306.054580506854,705.1387844545006
PsychAD,Donor_804,EN_L6_IT_1,15.0,PSYCHAD,29,6.066029087110813,95089.46979570895,2356.0439667436094,71199.31757083704,997.9661913051657,95141.14219941192,1693.558371283228,70946.19875002658,929.8646732023253
PsychAD,Donor_83,EN_L2_3_IT,6.0,PSYCHAD,73,6.263564587537716,94757.1234333438,2455.560238915225,70851.40321271714,1026.7913353302777,92717.95888148891,1602.593063436859,68371.56596032626,895.2314008682849
PsychAD,Donor_915,EN_L2_3_IT,29.0,PSYCHAD,227,6.792482111403225,90106.7396347636,2438.734087458289,68559.31841819604,1004.3495688748876,88965.8811873741,1664.2769039427478,67078.96074391608,935.6807737084873
PsychAD,Donor_915,EN_L3_5_IT_1,29.0,PSYCHAD,24,5.602888702620808,83460.61884137709,2330.3072720782648,60202.72076827843,945.4188253358676,81465.92009414597,1412.6813020899729,58241.96164230013,790.1910802827316
PsychAD,Donor_915,EN_L3_5_IT_2,29.0,PSYCHAD,84,6.166974490887897,87967.36207854799,2456.0768517989377,66162.74644603858,1030.2692715168012,87343.89106346985,1564.1821630674492,65689.054098389,924.8459632203865
PsychAD,Donor_915,EN_L3_5_IT_3,29.0,PSYCHAD,102,6.432958072790875,88799.95533170718,2396.457802629309,65815.14146575333,959.7889197153811,86010.6195387116,1639.0390733258741,62781.803389188484,892.9611265349091
PsychAD,Donor_915,EN_L6B,29.0,PSYCHAD,38,6.06653761562004,84362.59388058895,2264.4062850030627,54788.48265768252,809.6263546173557,82530.15794258287,1583.468144100169,52964.39713397318,742.7119672708463
PsychAD,Donor_915,EN_L6_IT_1,29.0,PSYCHAD,71,6.249363969395703,92355.6251249143,2389.641205675694,68756.42903932929,1016.7713327673591,90711.22694967521,1600.8018801537849,66842.4862077074,916.7438073424107
PsychAD,Donor_950,EN_L2_3_IT,16.0,PSYCHAD,194,6.905610901664767,100145.6741876128,2436.0393362097516,77915.75399361872,1036.136253195011,99158.16520081148,1806.3710585657889,76590.50500232246,995.4293606509002
PsychAD,Donor_950,EN_L3_5_IT_1,16.0,PSYCHAD,30,6.090660409141777,93865.24666688577,2347.3844519842796,70606.36559126004,960.9085869761104,93236.80912308782,1804.7429606580076,69922.48821626503,947.5750081393194
PsychAD,Donor_950,EN_L3_5_IT_2,16.0,PSYCHAD,30,6.057810211004275,103729.03048830296,2427.6237843355602,82940.76503437392,1113.9526731757733,103171.6009468173,1822.8059913013149,82460.2950826461,1070.0150227204163
PsychAD,Donor_950,EN_L3_5_IT_3,16.0,PSYCHAD,67,6.478827570930301,100726.20268324514,2378.951664251598,77796.63595775476,1014.3076200363508,100160.31004845958,1816.2339447474185,77069.6654334988,1003.2102149756939
PsychAD,Donor_1336,EN_L2_3_IT,20.0,PSYCHAD,109,6.166046865678583,104491.7809709817,2452.3635120834488,83852.52709847152,1102.6341871385098,103772.68078757028,1433.4053417287334,82832.41985707963,903.8236761163928
PsychAD,Donor_1336,EN_L3_5_IT_2,20.0,PSYCHAD,42,5.541858699889792,102680.34105367721,2397.3772039874952,81595.73904112352,1124.9307864751042,102274.85457545603,1278.697391058738,81176.1244431777,850.537384665828
PsychAD,Donor_1336,EN_L3_5_IT_3,20.0,PSYCHAD,32,5.668312285418352,100094.2968794479,2345.5281370210955,77819.3254061922,1046.423786427206,100391.00497841203,1394.8821603330368,77747.48126302782,860.6161448142683
PsychAD,Donor_1364,EN_L2_3_IT,24.0,PSYCHAD,176,6.70876386581736,101098.73441678412,2430.3903897784435,78642.03217011596,1028.4670958944205,100407.59892681829,1719.5489906359735,77682.23402469247,973.9790833704725
PsychAD,Donor_1364,EN_L3_5_IT_2,24.0,PSYCHAD,20,5.596319938322728,101061.35952575841,2370.223114654181,79242.12521556749,1056.0754975104994,100621.1179691819,1633.1418434009934,78787.74958767064,978.538093448413
PsychAD,Donor_1364,EN_L3_5_IT_3,24.0,PSYCHAD,37,5.948821636262159,98147.9914375662,2382.433497345113,74333.50290541373,1003.1515727920458,97671.81380194968,1668.4195586075539,73793.04616620898,936.7434317810878
PsychAD,Donor_1364,EN_L6_CT,24.0,PSYCHAD,23,5.7558100876309615,91223.81402236082,2223.548996182772,61186.32222598352,831.8561425425146,90166.33227377795,1493.7527939055858,59949.186409846974,736.6757528700222
PsychAD,Donor_138,EN_L2_3_IT,24.0,PSYCHAD,363,7.124098563500063,98712.31049651276,2452.7497725579688,76895.29548365237,1040.1486228059534,97052.4980987505,1803.4516043117608,74949.52809670198,1004.3649317491546
PsychAD,Donor_138,EN_L3_5_IT_1,24.0,PSYCHAD,27,5.818669202072219,95781.55456351305,2312.051656003572,72486.1436564941,980.9013813751858,95084.71792197305,1553.660977088942,71413.20225076294,867.7609554870189
PsychAD,Donor_138,EN_L3_5_IT_2,24.0,PSYCHAD,50,6.188734483678314,104209.0813023419,2443.5296932456727,83557.1312110688,1126.0992060068725,103390.18269710413,1790.9308735888771,82573.87749863186,1067.0153759249258
PsychAD,Donor_138,EN_L3_5_IT_3,24.0,PSYCHAD,39,6.146722921712476,101695.93773713041,2369.5123676884987,78747.49976547327,1030.8210331032305,101220.72829253455,1754.786427331869,78116.38054147035,968.2640271008313
PsychAD,Donor_177,EN_L2_3_IT,28.0,PSYCHAD,48,6.014795980580709,99224.95988899958,2483.338882906325,77089.68132622572,1061.1799281714616,99223.0347973382,1698.1304019051836,76917.1246445134,979.3695704038688
PsychAD,Donor_346,EN_L2_3_IT,22.0,PSYCHAD,50,6.198741738640809,96343.9624783972,2360.3897261502816,74304.98169305091,981.8218462878533,95724.0286106205,1608.4250945645,73419.18031779917,888.6738182098356
PsychAD,Donor_346,EN_L3_5_IT_2,22.0,PSYCHAD,29,5.829018653399399,102294.25592267454,2340.792375710177,80613.99045679171,1042.2788892684748,102851.99692027809,1566.5836269943068,81209.94160976628,936.9119287605758
PsychAD,Donor_346,EN_L3_5_IT_3,22.0,PSYCHAD,64,6.280012827667755,97917.90265826894,2323.0893010395985,74502.12645882466,946.2965966303369,97340.89221100279,1571.029109290803,73646.4953874065,867.7785500689741
PsychAD,Donor_498,EN_L2_3_IT,24.0,PSYCHAD,30,5.939993223495161,99862.82281848788,2444.2502084849566,78349.97809842814,1077.4459854053355,97366.3233735087,1676.9110049346907,74906.21742708645,957.0779125267743
PsychAD,Donor_537,EN_L2_3_IT,20.0,PSYCHAD,39,6.1723465984838874,91931.44534061968,2474.0944917525694,69321.89729551623,1037.1395668689856,91231.68285973894,1892.9217481239666,68474.99845169311,1018.9514239670186
PsychAD,Donor_6,EN_L2_3_IT,18.0,PSYCHAD,163,6.926094920867872,98200.19659749315,2434.147939858782,76987.11627004038,1026.5661274774461,97641.8707106091,1887.9918555685756,76250.86867167563,1014.6668304588935
PsychAD,Donor_6,EN_L3_5_IT_2,18.0,PSYCHAD,44,6.259131149447773,100537.48816094229,2420.9664953365177,79624.33868115595,1063.1902847963722,100163.7095499326,1867.3171288558879,79174.41750315535,1047.9310062094348
PsychAD,Donor_6,EN_L3_5_IT_3,18.0,PSYCHAD,53,6.387122403729381,97733.15858962663,2375.7654705516247,74531.91133194907,983.6129767938107,97027.70937900824,1810.429828898405,73868.32141861804,960.8837253353314
PsychAD,Donor_84,EN_L2_3_IT,27.0,PSYCHAD,469,7.106068481747562,93639.03366099052,2481.478463767926,71872.79174844155,1030.48203106836,92202.79177672861,1752.7163963002497,70249.22722330954,979.6325255216469
PsychAD,Donor_84,EN_L3_5_IT_1,27.0,PSYCHAD,49,5.892773353123822,85346.7771370301,2445.2741881337865,61880.472675386474,969.1009203205366,83834.62782523336,1497.551851489143,60054.02913419419,836.8072776244443
PsychAD,Donor_84,EN_L3_5_IT_2,27.0,PSYCHAD,76,6.118000364387838,91574.20381037447,2474.2914638868206,69190.89574055049,1027.3097573497478,91007.28329160962,1601.7351263929327,68667.40468788055,935.3583223638823
PsychAD,Donor_84,EN_L3_5_IT_3,27.0,PSYCHAD,130,6.515356089221261,90022.65123255683,2418.7962340978293,66206.56309961311,949.2869159332737,89162.67875718902,1677.2135071017035,65249.6898420595,901.3815598951169
PsychAD,Donor_84,EN_L6B,27.0,PSYCHAD,27,5.832486558738495,85309.69071514766,2298.833077277781,55924.90319806255,807.9369662236406,84398.23854527756,1588.9640350994603,54958.99573422661,744.0595602972596
PsychAD,Donor_84,EN_L6_IT_1,27.0,PSYCHAD,46,6.147576471398033,91270.86203706023,2405.749080386179,68387.88051133888,1014.2379444065813,90612.29424248001,1793.3926564817878,67796.79082723973,990.6097067206362
PsychAD,Donor_1196,EN_L2_3_IT,18.0,PSYCHAD,144,6.589773391626145,97628.34180610286,2460.2018698598463,76070.78065219976,1036.9776871684635,96715.09276352751,1695.707011221624,74898.21420402183,965.1979328939875
PsychAD,Donor_1196,EN_L3_5_IT_2,18.0,PSYCHAD,39,5.891842861658699,100782.41075995174,2418.050862792467,80252.13171676247,1077.1401908055861,100252.73065817045,1603.4352506927805,79675.8259876393,967.8873786860341
PsychAD,Donor_1196,EN_L3_5_IT_3,18.0,PSYCHAD,22,5.753094873529342,94269.49737614885,2359.5335684431693,70884.46057491247,984.9688071767023,94928.2680235069,1628.5186190302086,71198.05545748315,897.6797147201851
PsychAD,Donor_1286,EN_L2_3_IT,27.0,PSYCHAD,43,6.1935183471728585,109692.24966614666,2369.262842359797,89416.92947124055,1110.6167595684726,110244.75081950153,1683.225628811649,89945.78778692186,1003.5766962744214
PsychAD,Donor_141,EN_L2_3_IT,25.0,PSYCHAD,242,6.844291675615906,94415.70220889692,2469.470237361053,72091.6163569221,1016.7616537379232,93558.8584182964,1719.8202627447392,70908.9795290279,956.4146331365041
PsychAD,Donor_141,EN_L3_5_IT_2,25.0,PSYCHAD,27,5.816622383627771,95915.92203684463,2439.819428809123,74527.3905343925,1070.8191276706514,95090.48343180126,1726.0845345817004,73593.56868210083,1006.4182929228155
PsychAD,Donor_141,EN_L3_5_IT_3,25.0,PSYCHAD,69,6.323088667414871,93394.43279002258,2419.262120425578,69795.7009307317,972.4886327444225,92085.07973990757,1748.4158214056831,68399.90324162754,943.3523945954405
PsychAD,Donor_1470,EN_L2_3_IT,22.0,PSYCHAD,35,6.170319813067846,105240.41009751249,2420.030223223845,81084.2560190939,1024.6113335865557,104439.45286558376,1765.4825750168275,80183.47429962223,961.8590143466915
PsychAD,Donor_1470,EN_L3_5_IT_2,22.0,PSYCHAD,25,5.955939212398828,104820.91809883414,2478.0280631547676,82966.84497067612,1096.7686665024971,103996.92735084765,1811.166129519886,81802.50418365236,1034.0747065194325
PsychAD,Donor_1470,EN_L3_5_IT_3,22.0,PSYCHAD,21,6.070646560956008,101154.6148693224,2366.553743864852,75737.70801036488,966.4912151130238,100337.94141308074,1872.285124806948,74732.54849443123,951.0664672086226
PsychAD,Donor_160,EN_L2_3_IT,29.0,PSYCHAD,67,6.3636106638462655,96672.25688974326,2460.532409807228,74408.9924606212,1017.0837246296991,95177.06393682265,1708.1084138370431,72009.35338653813,941.3859378146161
PsychAD,Donor_160,EN_L3_5_IT_2,29.0,PSYCHAD,93,6.4008248915945085,94934.25654320918,2483.4027225957716,73043.58231318017,1033.7096694196646,92835.15293027193,1702.799537174724,70540.02288237418,962.0073792557404
PsychAD,Donor_160,EN_L3_5_IT_3,29.0,PSYCHAD,99,6.530665898097934,92620.40731054358,2423.9843834633402,68301.13543194073,948.8234648560378,91291.98936915319,1769.0463290158937,66854.29529377408,922.4577969788837
PsychAD,Donor_160,EN_L5_6_NP,29.0,PSYCHAD,25,5.909527146628045,86152.41446708966,2217.558542141147,55033.980550145694,695.459210444564,84914.38063916608,1573.1751013410894,53684.727182118026,646.0589068291533
PsychAD,Donor_160,EN_L6_CT,29.0,PSYCHAD,26,5.9082388489174935,91433.4113139874,2255.6329547213018,61140.05507891114,817.694508565221,90124.31540529327,1578.1578875441194,59700.155921741294,743.1858447600798
PsychAD,Donor_160,EN_L6_IT_1,29.0,PSYCHAD,35,6.204320254801489,94400.49369569405,2424.021429298577,70447.43270965673,1012.2491838651434,94123.54709171114,1874.1420199771317,69815.13581123672,993.7102765241395
PsychAD,Donor_208,EN_L2_3_IT,29.0,PSYCHAD,76,6.337137664493766,96457.85369733631,2442.568129049995,74640.55937394036,1009.3600220706221,95964.95176403297,1731.9754617526087,73852.38876023922,964.3687504764847
PsychAD,Donor_208,EN_L3_5_IT_2,29.0,PSYCHAD,39,6.0772475945010065,93549.23852507964,2469.6838580891826,72093.12393159083,1057.4203119953042,92856.9671074439,1824.3360678306456,71317.2397993112,1030.4461455316332
PsychAD,Donor_208,EN_L3_5_IT_3,29.0,PSYCHAD,24,5.930652611875267,91565.64741306123,2369.5340432094713,68158.21777254279,965.5012537281409,90962.54647066774,1783.3043771389857,67368.58641777142,935.1117234701902
PsychAD,Donor_217,EN_L2_3_IT,29.0,PSYCHAD,153,6.925417660710902,107109.97407415733,2457.817865012224,86563.42738065227,1111.407731146358,106084.45334046261,1910.189760929604,85093.05147171405,1078.9775390691968
PsychAD,Donor_217,EN_L3_5_IT_1,29.0,PSYCHAD,29,6.18499958539224,98428.60864773148,2342.7493452211465,75200.36916353875,986.7979048421331,98740.0031756626,1873.9642807101404,75547.84484184388,993.7746046927653
PsychAD,Donor_217,EN_L3_5_IT_2,29.0,PSYCHAD,95,6.566215868865457,107763.34344767756,2431.7449002770604,87371.40963859069,1131.519437791341,107630.39079132928,1851.0106884422737,87235.47418594353,1099.2014234319624
PsychAD,Donor_217,EN_L3_5_IT_3,29.0,PSYCHAD,60,6.462589644206618,103242.22527545605,2384.9247311937856,80117.14066719856,1018.4927285856305,103068.41152532698,1849.775939754366,79781.89097984241,1000.3680405551322
PsychAD,Donor_513,EN_L3_5_IT_1,21.0,PSYCHAD,24,5.627504112308042,81724.48073075972,2568.783227464211,57799.75092286158,1014.217098603545,81875.7284017688,1796.1516302916061,57861.673192271795,997.3706891359811
PsychAD,Donor_513,EN_L3_5_IT_2,21.0,PSYCHAD,23,5.6307349255504775,90361.26686964628,2632.234847499106,68842.56671842079,1201.1296948092158,90117.11901315185,1893.21625413781,68586.37888877354,1158.3392680339107
PsychAD,Donor_531,EN_L2_3_IT,25.0,PSYCHAD,74,6.279201835758507,102127.18688409757,2433.677191978987,79752.82550933832,1044.7614282423021,100385.53151257559,1623.498234850231,77183.56982012758,925.4010511931751
PsychAD,Donor_531,EN_L3_5_IT_2,25.0,PSYCHAD,24,5.704926575030267,102175.41763382508,2365.9713772083946,80372.63568101442,1066.5296220143277,101697.75131817895,1597.797570511257,79540.41882131826,934.5825482068357
PsychAD,Donor_531,EN_L3_5_IT_3,25.0,PSYCHAD,27,5.862562476970174,99212.43043091297,2334.670867226112,75390.00958333236,1004.7069630122908,97480.23542193964,1509.6516989799736,73477.45308570078,842.5583796197768
PsychAD,Donor_531,EN_L6_IT_1,25.0,PSYCHAD,24,5.7695811307600815,99284.26497951943,2335.363735942453,75472.3414100358,1024.0341512505988,98382.93514954908,1538.0094357412222,74454.77230844137,882.0823804251108
PsychAD,Donor_717,EN_L2_3_IT,27.0,PSYCHAD,247,7.0379693453831065,104673.5764966033,2448.0663038492653,83673.80477626694,1080.609414281588,103269.82462027317,1783.7088720135228,81696.6196208472,1010.5367745716837
PsychAD,Donor_717,EN_L3_5_IT_1,27.0,PSYCHAD,37,6.100274369262421,95238.52732654772,2382.590574556167,72320.69466572574,1003.9042715969059,93083.55152587802,1658.5059934798558,69537.26376410994,905.7267812600304
PsychAD,Donor_717,EN_L3_5_IT_2,27.0,PSYCHAD,114,6.569726586746031,105154.3050758519,2450.4300807567734,84247.39207368977,1108.415725753475,104073.50739452147,1777.5500076957733,83058.84682539047,1051.1877609858418
PsychAD,Donor_717,EN_L3_5_IT_3,27.0,PSYCHAD,90,6.547014085876832,101279.46519106359,2397.4790199531594,77842.14773869676,1025.0556043708295,100238.93499621106,1779.1632237815934,76646.23721899436,983.0393174446076
PsychAD,Donor_717,EN_L5_6_NP,27.0,PSYCHAD,29,6.027735204225225,94971.5104743008,2193.936161773912,63798.494747469806,734.977828956094,92868.39622315764,1468.7168219011508,61663.11572808925,643.0638980999249
PsychAD,Donor_717,EN_L6_CT,27.0,PSYCHAD,22,5.973793108019893,92218.6556402663,2236.6549753351355,62089.54612730621,836.6132113076011,92366.48461405418,1642.1963100698015,62133.14985357296,768.1718188474508
PsychAD,Donor_717,EN_L6_IT_1,27.0,PSYCHAD,27,6.145591350521747,99549.69431051463,2349.2329747001368,75265.32042013413,1023.1532099194724,99776.95069955126,1755.74230821596,75732.7270127448,960.214161900889
PsychAD,Donor_811,EN_L2_3_IT,21.0,PSYCHAD,263,6.8106637075380645,99820.95861353798,2449.4770586326385,77915.20396194632,1034.1509164268653,98564.67524874046,1666.0844422881958,76285.24483569323,959.2411282860118
PsychAD,Donor_833,EN_L3_5_IT_3,20.0,PSYCHAD,32,6.225605431607806,99482.03971236046,2370.0567018942506,76306.42203932989,988.7569472221273,99543.64326956715,1865.410654863205,76223.35363951678,988.0693431044747
PsychAD,Donor_833,EN_L6_IT_1,20.0,PSYCHAD,20,6.12137105083216,97547.48534738198,2330.7020388237515,72229.4750021541,960.3808964614587,95442.69670078956,1805.457893140935,69876.7593983118,923.6281257608664
PsychAD,Donor_856,EN_L2_3_IT,24.0,PSYCHAD,320,6.963026626036171,95713.23652753516,2454.122315159175,74767.23374491466,1016.3343739104324,93822.93334433886,1688.5755186678166,72514.8450013784,946.9405385636691
PsychAD,Donor_856,EN_L3_5_IT_1,24.0,PSYCHAD,20,5.5940111320534225,89419.54880927602,2352.507310534823,67472.9062231646,986.2697493800617,88416.32479075191,1458.1305621878194,66319.10898343688,819.8028323021376
PsychAD,Donor_856,EN_L3_5_IT_2,24.0,PSYCHAD,66,6.103881681786355,96058.47767819403,2446.943948251413,75074.42282749576,1035.5827482527782,94239.62716761105,1592.040460601202,73051.52861270338,935.2347600458996
PsychAD,Donor_856,EN_L3_5_IT_3,24.0,PSYCHAD,67,6.244224903340456,93164.79673993097,2410.4230450299838,70214.43239771712,972.0107640937456,91349.72842831537,1679.5302778414018,68390.0476892412,922.4165776915243
